Workbook
Name dFiltr: Dashboard!$M$4
Name lstDzialy: Parametry!$C$31:$C$35
Name lstFiltr: Parametry!$E$31:$E$35
Name lstPlacowki: Parametry!$A$31:$A$34
Name pDataRaportu: Parametry!$B$5
Name pNarzut: Parametry!$B$16
Name pPlacaMin: Parametry!$B$6

Sheet O projekcie
B1: Controlling personalny – sieć placówek medycznych
B2: Projekt portfolio: raportowanie danych HR w MS Excel (dane w pełni fikcyjne)
B4: Cel projektu
B5: Problem | C5: Dział HR otrzymuje surowy eksport kadrowo-płacowy z systemu HR (np. enova365) dla 4 placówek. Przed raportowaniem trzeba zweryfikować dane, policzyć koszty pracy, ocenić wynagrodzenia względem siatki płac i przygotować budżet na kolejny rok.
B6: Rozwiązanie | C6: Zintegrowany skoroszyt, w którym jeden eksport zasila wszystkie raporty. Zmiana danych lub założeń (np. płacy minimalnej, składek, podwyżek) automatycznie aktualizuje cały model.
B8: Struktura skoroszytu
B9: Dashboard | C9: Kafelki KPI (zatrudnienie, FTE, koszt pracy, średnie wynagrodzenie, rotacja, luka płacowa, jakość danych) i 4 wykresy. Filtr placówki z listy rozwijanej.
B10: Parametry | C10: Wszystkie założenia w jednym miejscu: data raportu, płaca minimalna 2026, składki pracodawcy (ZUS, FP, FGŚP, PPK), siatka płac G1–G6 i podwyżki na 2027.
B11: Dane_Kadrowe | C11: Tabela tblKadry (184 rekordy) – dane źródłowe + kolumny wyliczane (stawka na pełny etat, koszt pracodawcy, staż, compa-ratio, uwagi QC). Dane spseudonimizowane (tylko ID).
B12: Kontrola_Jakości | C12: 10 reguł walidacji, m.in. duplikaty, braki, płaca poniżej minimalnej, nieprawidłowy etat, niespójny status oraz zgodność z Kodeksem pracy (art. 25 i 25¹ KP). Automatyczna lista rekordów do poprawy.
B13: Koszty_Pracy | C13: Koszt pracodawcy wg placówek i działów, struktura składek, uzgodnienia kontrolne (sumy kontrolne = 0).
B14: Przegląd_Wynagrodzeń | C14: Pozycja w widełkach, compa-ratio, koszt wyrównania do minimum widełek, luka płacowa K/M z progiem 5% (dyrektywa UE 2023/970 o jawności wynagrodzeń), lista osób do przeglądu.
B15: Budżet_2027 | C15: Plan kosztów pracy: efekt podwyżek wg grup, nowe etaty (FTE × miesiące), porównanie r/r i most kosztów 2026 → 2027.
B17: Użyte techniki Excel
B18: Formuły | C18: XLOOKUP, SUMIFS / COUNTIFS / AVERAGEIFS, SUMPRODUCT, FILTER, SORT, CHOOSECOLS, TEXTJOIN, YEARFRAC, EOMONTH, MEDIAN
B19: Struktura | C19: Tabele z odwołaniami strukturalnymi, nazwy zakresów (pDataRaportu, pPlacaMin, pNarzut), sprawdzanie poprawności danych (lista rozwijana), formuły dynamiczne, sumy kontrolne
B20: Wizualizacja | C20: Formatowanie warunkowe (flagi błędów, skale kolorów, paski danych), wykresy reagujące na filtr, czytelny układ kafelków KPI
B22: Jak czytać kolory
B23: Niebieski na żółtym | C23: Dane wejściowe / założenia – można je zmieniać
B24: Czarny | C24: Formuły i obliczenia
B25: Zielony | C25: Powiązania z innymi arkuszami
B27: Uproszczenia | C27: Pominięto limit 30-krotności dla składek emerytalno-rentowych i zwolnienia z FP/FGŚP (wiek 55/60+). Stopa wypadkowa przyjęta umownie. Dane zawierają celowo wprowadzone błędy, które wychwytuje zakładka Kontrola_Jakości.

Sheet Arkusz2

Sheet Arkusz3

Sheet Arkusz4

Sheet Dashboard
B1: Dashboard HR – sieć placówek medycznych
B2: ="Dane na dzień "&YEAR(pDataRaportu)&"-"&TEXT(MONTH(pDataRaportu),"00")&"-"&TEXT(DAY(pDataRaportu),"00")&" | dane fikcyjne, przygotowane na potrzeby portfolio" -> Dane na dzień 2026-09-30 | dane fikcyjne, przygotowane na potrzeby portfolio
B4: Placówka: | C4: Ustroń | F4: ◄ wybierz z listy | L4: kryterium: | M4: =IF(C4="Wszystkie","*",C4) -> Ustroń
B6: Zatrudnienie (osoby) | D6: Koszt pracodawcy / mies. | F6: Śr. wynagrodzenie (etat) | H6: Rotacja YTD | J6: Luka płacowa K/M (nieskoryg.) | L6: Jakość danych
B7: =C52 -> 26 | D7: =SUMIFS(tblKadry[Koszt_pracodawcy_mies],tblKadry[Placówka],dFiltr,tblKadry[Aktywny_na_dzień],1) -> 307505.48 | F7: =IFERROR(AVERAGEIFS(tblKadry[Stawka_pełny_etat],tblKadry[Placówka],dFiltr,tblKadry[Aktywny_na_dzień],1),0) -> 9900.3846 | H7: =C55 -> 0.081632653 | J7: =IFERROR(1-AVERAGEIFS(tblKadry[Stawka_pełny_etat],tblKadry[Płeć],"K",tblKadry[Placówka],dFiltr,tblKadry[Aktywny_na_dzień],1)/AVERAGEIFS(tblKadry[Stawka_pełny_etat],tblKadry[Płeć],"M",tblKadry[Placówka],dFiltr,tblKadry[Aktywny_na_dzień],1),0) -> 0.3381629 | L7: =Kontrola_Jakości!C18 -> 0.92934783
B8: ="FTE: "&FIXED(SUMIFS(tblKadry[Etat],tblKadry[Placówka],dFiltr,tblKadry[Aktywny_na_dzień],1),1) -> FTE: 24,8 | D8: ="rocznie: "&FIXED(D7*12/1000000,2)&" mln zł" -> rocznie: 3,69 mln zł | F8: {="mediana: "&FIXED(IFERROR(MEDIAN(_xlfn._xlws.FILTER(tblKadry[Stawka_pełny_etat],(((tblKadry[Placówka]=$C$4)+($C$4="Wszystkie"))>0)*(tblKadry[Aktywny_na_dzień]=1)*(tblKadry[Stawka_pełny_etat]<>""))),0),0)&" zł"} -> mediana: 8 535 zł | H8: ="odejścia: "&C53&" | przyjęcia: "&C54 -> odejścia: 2 | przyjęcia: 5 | J8: =COUNTIFS(tblKadry[Pozycja_w_widełkach],"Poniżej",tblKadry[Placówka],dFiltr,tblKadry[Aktywny_na_dzień],1)&" os. poniżej widełek" -> 2 os. poniżej widełek | L8: =Kontrola_Jakości!C16&" rekordów do weryfikacji" -> 13 rekordów do weryfikacji
B40: Obliczenia pomocnicze (źródło wykresów i kafelków) – reagują na filtr placówki
B41: Dział | C41: FTE | D41: Koszt pracodawcy (mies.) | E41: Śr. stawka K | F41: Śr. stawka M | H41: Typ umowy | I41: Osoby | K41: Miesiąc | L41: Przyjęcia | M41: Odejścia
B42: =Parametry!C31 -> Kardiologia | C42: =SUMIFS(tblKadry[Etat],tblKadry[Dział],B42,tblKadry[Placówka],dFiltr,tblKadry[Aktywny_na_dzień],1) -> 9.5 | D42: =SUMIFS(tblKadry[Koszt_pracodawcy_mies],tblKadry[Dział],B42,tblKadry[Placówka],dFiltr,tblKadry[Aktywny_na_dzień],1) -> 152853.14 | E42: =IFERROR(AVERAGEIFS(tblKadry[Stawka_pełny_etat],tblKadry[Dział],B42,tblKadry[Płeć],"K",tblKadry[Placówka],dFiltr,tblKadry[Aktywny_na_dzień],1),0) -> 10705 | F42: =IFERROR(AVERAGEIFS(tblKadry[Stawka_pełny_etat],tblKadry[Dział],B42,tblKadry[Płeć],"M",tblKadry[Placówka],dFiltr,tblKadry[Aktywny_na_dzień],1),0) -> 16617.5 | H42: Na czas nieokreślony | I42: =COUNTIFS(tblKadry[Typ_umowy],H42,tblKadry[Placówka],dFiltr,tblKadry[Aktywny_na_dzień],1) -> 25 | K42: =DATE(YEAR(pDataRaportu),1,1) -> 46023 | L42: =IF(K42>pDataRaportu,0,COUNTIFS(tblKadry[Data_zatrudnienia],">="&K42,tblKadry[Data_zatrudnienia],"<="&EOMONTH(K42,0),tblKadry[Placówka],dFiltr)) -> 0 | M42: =IF(K42>pDataRaportu,0,COUNTIFS(tblKadry[Status],"Zwolniony",tblKadry[Data_zwolnienia],">="&K42,tblKadry[Data_zwolnienia],"<="&EOMONTH(K42,0),tblKadry[Placówka],dFiltr)) -> 0
B43: =Parametry!C32 -> Kardiochirurgia | C43: =SUMIFS(tblKadry[Etat],tblKadry[Dział],B43,tblKadry[Placówka],dFiltr,tblKadry[Aktywny_na_dzień],1) -> 0 | D43: =SUMIFS(tblKadry[Koszt_pracodawcy_mies],tblKadry[Dział],B43,tblKadry[Placówka],dFiltr,tblKadry[Aktywny_na_dzień],1) -> 0 | E43: =IFERROR(AVERAGEIFS(tblKadry[Stawka_pełny_etat],tblKadry[Dział],B43,tblKadry[Płeć],"K",tblKadry[Placówka],dFiltr,tblKadry[Aktywny_na_dzień],1),0) -> 0 | F43: =IFERROR(AVERAGEIFS(tblKadry[Stawka_pełny_etat],tblKadry[Dział],B43,tblKadry[Płeć],"M",tblKadry[Placówka],dFiltr,tblKadry[Aktywny_na_dzień],1),0) -> 0 | H43: Na czas określony | I43: =COUNTIFS(tblKadry[Typ_umowy],H43,tblKadry[Placówka],dFiltr,tblKadry[Aktywny_na_dzień],1) -> 1 | K43: =DATE(YEAR(pDataRaportu),2,1) -> 46054 | L43: =IF(K43>pDataRaportu,0,COUNTIFS(tblKadry[Data_zatrudnienia],">="&K43,tblKadry[Data_zatrudnienia],"<="&EOMONTH(K43,0),tblKadry[Placówka],dFiltr)) -> 2 | M43: =IF(K43>pDataRaportu,0,COUNTIFS(tblKadry[Status],"Zwolniony",tblKadry[Data_zwolnienia],">="&K43,tblKadry[Data_zwolnienia],"<="&EOMONTH(K43,0),tblKadry[Placówka],dFiltr)) -> 1
B44: =Parametry!C33 -> Chirurgia naczyniowa | C44: =SUMIFS(tblKadry[Etat],tblKadry[Dział],B44,tblKadry[Placówka],dFiltr,tblKadry[Aktywny_na_dzień],1) -> 4 | D44: =SUMIFS(tblKadry[Koszt_pracodawcy_mies],tblKadry[Dział],B44,tblKadry[Placówka],dFiltr,tblKadry[Aktywny_na_dzień],1) -> 45278.976 | E44: =IFERROR(AVERAGEIFS(tblKadry[Stawka_pełny_etat],tblKadry[Dział],B44,tblKadry[Płeć],"K",tblKadry[Placówka],dFiltr,tblKadry[Aktywny_na_dzień],1),0) -> 9750 | F44: =IFERROR(AVERAGEIFS(tblKadry[Stawka_pełny_etat],tblKadry[Dział],B44,tblKadry[Płeć],"M",tblKadry[Placówka],dFiltr,tblKadry[Aktywny_na_dzień],1),0) -> 7870 | H44: Na okres próbny | I44: =COUNTIFS(tblKadry[Typ_umowy],H44,tblKadry[Placówka],dFiltr,tblKadry[Aktywny_na_dzień],1) -> 0 | K44: =DATE(YEAR(pDataRaportu),3,1) -> 46082 | L44: =IF(K44>pDataRaportu,0,COUNTIFS(tblKadry[Data_zatrudnienia],">="&K44,tblKadry[Data_zatrudnienia],"<="&EOMONTH(K44,0),tblKadry[Placówka],dFiltr)) -> 2 | M44: =IF(K44>pDataRaportu,0,COUNTIFS(tblKadry[Status],"Zwolniony",tblKadry[Data_zwolnienia],">="&K44,tblKadry[Data_zwolnienia],"<="&EOMONTH(K44,0),tblKadry[Placówka],dFiltr)) -> 0
B45: =Parametry!C34 -> Laboratorium | C45: =SUMIFS(tblKadry[Etat],tblKadry[Dział],B45,tblKadry[Placówka],dFiltr,tblKadry[Aktywny_na_dzień],1) -> 4.75 | D45: =SUMIFS(tblKadry[Koszt_pracodawcy_mies],tblKadry[Dział],B45,tblKadry[Placówka],dFiltr,tblKadry[Aktywny_na_dzień],1) -> 50713.185 | E45: =IFERROR(AVERAGEIFS(tblKadry[Stawka_pełny_etat],tblKadry[Dział],B45,tblKadry[Płeć],"K",tblKadry[Placówka],dFiltr,tblKadry[Aktywny_na_dzień],1),0) -> 7663.3333 | F45: =IFERROR(AVERAGEIFS(tblKadry[Stawka_pełny_etat],tblKadry[Dział],B45,tblKadry[Płeć],"M",tblKadry[Placówka],dFiltr,tblKadry[Aktywny_na_dzień],1),0) -> 8855 | K45: =DATE(YEAR(pDataRaportu),4,1) -> 46113 | L45: =IF(K45>pDataRaportu,0,COUNTIFS(tblKadry[Data_zatrudnienia],">="&K45,tblKadry[Data_zatrudnienia],"<="&EOMONTH(K45,0),tblKadry[Placówka],dFiltr)) -> 0 | M45: =IF(K45>pDataRaportu,0,COUNTIFS(tblKadry[Status],"Zwolniony",tblKadry[Data_zwolnienia],">="&K45,tblKadry[Data_zwolnienia],"<="&EOMONTH(K45,0),tblKadry[Placówka],dFiltr)) -> 0
B46: =Parametry!C35 -> Administracja | C46: =SUMIFS(tblKadry[Etat],tblKadry[Dział],B46,tblKadry[Placówka],dFiltr,tblKadry[Aktywny_na_dzień],1) -> 6.5 | D46: =SUMIFS(tblKadry[Koszt_pracodawcy_mies],tblKadry[Dział],B46,tblKadry[Placówka],dFiltr,tblKadry[Aktywny_na_dzień],1) -> 58660.182 | E46: =IFERROR(AVERAGEIFS(tblKadry[Stawka_pełny_etat],tblKadry[Dział],B46,tblKadry[Płeć],"K",tblKadry[Placówka],dFiltr,tblKadry[Aktywny_na_dzień],1),0) -> 6984.2857 | F46: =IFERROR(AVERAGEIFS(tblKadry[Stawka_pełny_etat],tblKadry[Dział],B46,tblKadry[Płeć],"M",tblKadry[Placówka],dFiltr,tblKadry[Aktywny_na_dzień],1),0) -> 0 | K46: =DATE(YEAR(pDataRaportu),5,1) -> 46143 | L46: =IF(K46>pDataRaportu,0,COUNTIFS(tblKadry[Data_zatrudnienia],">="&K46,tblKadry[Data_zatrudnienia],"<="&EOMONTH(K46,0),tblKadry[Placówka],dFiltr)) -> 0 | M46: =IF(K46>pDataRaportu,0,COUNTIFS(tblKadry[Status],"Zwolniony",tblKadry[Data_zwolnienia],">="&K46,tblKadry[Data_zwolnienia],"<="&EOMONTH(K46,0),tblKadry[Placówka],dFiltr)) -> 0
K47: =DATE(YEAR(pDataRaportu),6,1) -> 46174 | L47: =IF(K47>pDataRaportu,0,COUNTIFS(tblKadry[Data_zatrudnienia],">="&K47,tblKadry[Data_zatrudnienia],"<="&EOMONTH(K47,0),tblKadry[Placówka],dFiltr)) -> 0 | M47: =IF(K47>pDataRaportu,0,COUNTIFS(tblKadry[Status],"Zwolniony",tblKadry[Data_zwolnienia],">="&K47,tblKadry[Data_zwolnienia],"<="&EOMONTH(K47,0),tblKadry[Placówka],dFiltr)) -> 1
K48: =DATE(YEAR(pDataRaportu),7,1) -> 46204 | L48: =IF(K48>pDataRaportu,0,COUNTIFS(tblKadry[Data_zatrudnienia],">="&K48,tblKadry[Data_zatrudnienia],"<="&EOMONTH(K48,0),tblKadry[Placówka],dFiltr)) -> 0 | M48: =IF(K48>pDataRaportu,0,COUNTIFS(tblKadry[Status],"Zwolniony",tblKadry[Data_zwolnienia],">="&K48,tblKadry[Data_zwolnienia],"<="&EOMONTH(K48,0),tblKadry[Placówka],dFiltr)) -> 0
B49: Wskaźniki rotacji | K49: =DATE(YEAR(pDataRaportu),8,1) -> 46235 | L49: =IF(K49>pDataRaportu,0,COUNTIFS(tblKadry[Data_zatrudnienia],">="&K49,tblKadry[Data_zatrudnienia],"<="&EOMONTH(K49,0),tblKadry[Placówka],dFiltr)) -> 1 | M49: =IF(K49>pDataRaportu,0,COUNTIFS(tblKadry[Status],"Zwolniony",tblKadry[Data_zwolnienia],">="&K49,tblKadry[Data_zwolnienia],"<="&EOMONTH(K49,0),tblKadry[Placówka],dFiltr)) -> 0
B50: Początek roku | C50: =DATE(YEAR(pDataRaportu),1,1) -> 46023 | K50: =DATE(YEAR(pDataRaportu),9,1) -> 46266 | L50: =IF(K50>pDataRaportu,0,COUNTIFS(tblKadry[Data_zatrudnienia],">="&K50,tblKadry[Data_zatrudnienia],"<="&EOMONTH(K50,0),tblKadry[Placówka],dFiltr)) -> 0 | M50: =IF(K50>pDataRaportu,0,COUNTIFS(tblKadry[Status],"Zwolniony",tblKadry[Data_zwolnienia],">="&K50,tblKadry[Data_zwolnienia],"<="&EOMONTH(K50,0),tblKadry[Placówka],dFiltr)) -> 0
B51: Stan na początek roku | C51: =COUNTIFS(tblKadry[Placówka],dFiltr,tblKadry[Data_zatrudnienia],"<"&C50,tblKadry[Status],"Aktywny")+COUNTIFS(tblKadry[Placówka],dFiltr,tblKadry[Data_zatrudnienia],"<"&C50,tblKadry[Status],"Zwolniony",tblKadry[Data_zwolnienia],">="&C50) -> 23 | K51: =DATE(YEAR(pDataRaportu),10,1) -> 46296 | L51: =IF(K51>pDataRaportu,0,COUNTIFS(tblKadry[Data_zatrudnienia],">="&K51,tblKadry[Data_zatrudnienia],"<="&EOMONTH(K51,0),tblKadry[Placówka],dFiltr)) -> 0 | M51: =IF(K51>pDataRaportu,0,COUNTIFS(tblKadry[Status],"Zwolniony",tblKadry[Data_zwolnienia],">="&K51,tblKadry[Data_zwolnienia],"<="&EOMONTH(K51,0),tblKadry[Placówka],dFiltr)) -> 0
B52: Stan na dzień raportu | C52: =SUMIFS(tblKadry[Aktywny_na_dzień],tblKadry[Placówka],dFiltr) -> 26 | K52: =DATE(YEAR(pDataRaportu),11,1) -> 46327 | L52: =IF(K52>pDataRaportu,0,COUNTIFS(tblKadry[Data_zatrudnienia],">="&K52,tblKadry[Data_zatrudnienia],"<="&EOMONTH(K52,0),tblKadry[Placówka],dFiltr)) -> 0 | M52: =IF(K52>pDataRaportu,0,COUNTIFS(tblKadry[Status],"Zwolniony",tblKadry[Data_zwolnienia],">="&K52,tblKadry[Data_zwolnienia],"<="&EOMONTH(K52,0),tblKadry[Placówka],dFiltr)) -> 0
B53: Odejścia YTD | C53: =SUM(M42:M53) -> 2 | K53: =DATE(YEAR(pDataRaportu),12,1) -> 46357 | L53: =IF(K53>pDataRaportu,0,COUNTIFS(tblKadry[Data_zatrudnienia],">="&K53,tblKadry[Data_zatrudnienia],"<="&EOMONTH(K53,0),tblKadry[Placówka],dFiltr)) -> 0 | M53: =IF(K53>pDataRaportu,0,COUNTIFS(tblKadry[Status],"Zwolniony",tblKadry[Data_zwolnienia],">="&K53,tblKadry[Data_zwolnienia],"<="&EOMONTH(K53,0),tblKadry[Placówka],dFiltr)) -> 0
B54: Przyjęcia YTD | C54: =SUM(L42:L53) -> 5
B55: Rotacja YTD | C55: =IFERROR(C53/AVERAGE(C51,C52),0) -> 0.081632653

Sheet Parametry
A1: Parametry i założenia modelu
A2: Niebieska czcionka na żółtym tle = dane wejściowe (można zmieniać). Wszystkie pozostałe zakładki liczą się z tych komórek.
A4: Parametry ogólne | B4: Wartość
A5: Data raportu | B5: =DATE(2026,9,30) -> 46295
A6: Płaca minimalna 2026 (zł brutto, pełny etat) | B6: 4806
A7: Rok budżetu | B7: 2027
A9: Składki pracodawcy (% wynagrodzenia brutto) | B9: Stawka
A10: Ubezpieczenie emerytalne | B10: 0.0976
A11: Ubezpieczenie rentowe | B11: 0.065
A12: Ubezpieczenie wypadkowe (stawka przyjęta) | B12: 0.0167
A13: Fundusz Pracy | B13: 0.0245
A14: FGŚP | B14: 0.001
A15: PPK – wpłata podstawowa pracodawcy | B15: 0.015
A16: Razem narzut pracodawcy | B16: =SUM(B10:B15) -> 0.2198
A17: Uproszczenia: pominięto limit 30-krotności dla składek emerytalno-rentowych oraz zwolnienia z FP/FGŚP (wiek 55/60+). Wypadkowa wg stawki przyjętej – w praktyce ustalana indywidualnie przez ZUS.
A19: Widełki płacowe – siatka zaszeregowania (pełny etat, zł brutto / mies.)
A20: Grupa | B20: Opis grupy | C20: Min | D20: Max | E20: Środek | F20: Podwyżka 2027 %
A21: G1 | B21: Pracownicy pomocniczy | C21: 4806 | D21: 5800 | E21: =(tblWidelki[[#This Row],[Min]]+tblWidelki[[#This Row],[Max]])/2 -> 5303 | F21: 0.06
A22: G2 | B22: Technicy / referenci | C22: 5500 | D22: 7500 | E22: =(tblWidelki[[#This Row],[Min]]+tblWidelki[[#This Row],[Max]])/2 -> 6500 | F22: 0.05
A23: G3 | B23: Specjaliści (pielęgniarki, diagności) | C23: 7000 | D23: 10000 | E23: =(tblWidelki[[#This Row],[Min]]+tblWidelki[[#This Row],[Max]])/2 -> 8500 | F23: 0.05
A24: G4 | B24: Starsi specjaliści / koordynatorzy | C24: 9000 | D24: 13000 | E24: =(tblWidelki[[#This Row],[Min]]+tblWidelki[[#This Row],[Max]])/2 -> 11000 | F24: 0.04
A25: G5 | B25: Lekarze | C25: 13000 | D25: 19000 | E25: =(tblWidelki[[#This Row],[Min]]+tblWidelki[[#This Row],[Max]])/2 -> 16000 | F25: 0.04
A26: G6 | B26: Lekarze specjaliści / kierownicy | C26: 17000 | D26: 24000 | E26: =(tblWidelki[[#This Row],[Min]]+tblWidelki[[#This Row],[Max]])/2 -> 20500 | F26: 0.03
A29: Słowniki (listy rozwijane i raporty)
A30: Placówka | C30: Dział | E30: Filtr dashboardu
A31: Katowice | C31: Kardiologia | E31: Wszystkie
A32: Kraków | C32: Kardiochirurgia | E32: =A31 -> Katowice
A33: Ustroń | C33: Chirurgia naczyniowa | E33: =A32 -> Kraków
A34: Bielsko-Biała | C34: Laboratorium | E34: =A33 -> Ustroń
C35: Administracja | E35: =A34 -> Bielsko-Biała

Sheet Dane_Kadrowe
A1: Dane kadrowo-płacowe – eksport z systemu HR (dane fikcyjne)
A2: Kolumny A–M: dane źródłowe (eksport). Kolumny N–V (szare nagłówki): kolumny wyliczane formułami. Dane spseudonimizowane – tylko ID pracownika (RODO).
A3: ID_Pracownika | B3: Placówka | C3: Dział | D3: Stanowisko | E3: Grupa | F3: Płeć | G3: Data_zatrudnienia | H3: Typ_umowy | I3: Etat | J3: Wynagrodzenie_zasadnicze | K3: Dodatek_funkcyjny | L3: Status | M3: Data_zwolnienia | N3: Brutto_mies | O3: Stawka_pełny_etat | P3: Aktywny_na_dzień | Q3: Staż_lat | R3: Koszt_pracodawcy_mies | S3: Środek_widełek | T3: Compa_ratio | U3: Pozycja_w_widełkach | V3: Uwagi_QC
A4: P1112 | B4: Kraków | C4: Kardiologia | D4: Pielęgniarka / pielęgniarz | E4: G3 | F4: K | G4: 42644 | H4: Na czas nieokreślony | I4: 1 | K4: 0 | L4: Aktywny | N4: =tblKadry[[#This Row],[Wynagrodzenie_zasadnicze]]+tblKadry[[#This Row],[Dodatek_funkcyjny]] -> 0 | O4: =IF(OR(tblKadry[[#This Row],[Wynagrodzenie_zasadnicze]]="",tblKadry[[#This Row],[Etat]]=0),"",tblKadry[[#This Row],[Wynagrodzenie_zasadnicze]]/tblKadry[[#This Row],[Etat]]) | P4: =IF(AND(tblKadry[[#This Row],[Status]]="Aktywny",tblKadry[[#This Row],[Data_zatrudnienia]]<=pDataRaportu),1,0) -> 1 | Q4: =IF(tblKadry[[#This Row],[Data_zatrudnienia]]>pDataRaportu,0,ROUND(YEARFRAC(tblKadry[[#This Row],[Data_zatrudnienia]],IF(tblKadry[[#This Row],[Data_zwolnienia]]="",pDataRaportu,tblKadry[[#This Row],[Data_zwolnienia]])),1)) -> 10 | R4: =tblKadry[[#This Row],[Brutto_mies]]*(1+pNarzut) -> 0 | S4: =_xlfn.XLOOKUP(tblKadry[[#This Row],[Grupa]],tblWidelki[Grupa],tblWidelki[Środek],"") -> 8500 | T4: =IF(tblKadry[[#This Row],[Stawka_pełny_etat]]="","",tblKadry[[#This Row],[Stawka_pełny_etat]]/tblKadry[[#This Row],[Środek_widełek]]) | U4: =IF(tblKadry[[#This Row],[Stawka_pełny_etat]]="","",IF(tblKadry[[#This Row],[Stawka_pełny_etat]]<_xlfn.XLOOKUP(tblKadry[[#This Row],[Grupa]],tblWidelki[Grupa],tblWidelki[Min]),"Poniżej",IF(tblKadry[[#This Row],[Stawka_pełny_etat]]>_xlfn.XLOOKUP(tblKadry[[#This Row],[Grupa]],tblWidelki[Grupa],tblWidelki[Max]),"Powyżej","W widełkach"))) | V4: =_xlfn.TEXTJOIN("; ",TRUE,IF(COUNTIF(tblKadry[ID_Pracownika],tblKadry[[#This Row],[ID_Pracownika]])>1,"Duplikat ID",""),IF(tblKadry[[#This Row],[Dział]]="","Brak działu",""),IF(tblKadry[[#This Row],[Wynagrodzenie_zasadnicze]]="","Brak wynagrodzenia",""),IF(AND(tblKadry[[#This Row],[Wynagrodzenie_zasadnicze]]<>"",tblKadry[[#This Row],[Brutto_mies]]<pPlacaMin*tblKadry[[#This Row],[Etat]]),"Poniżej płacy minimalnej",""),IF(OR(tblKadry[[#This Row],[Etat]]<=0,tblKadry[[#This Row],[Etat]]>1),"Nieprawidłowy etat",""),IF(tblKadry[[#This Row],[Data_zatrudnienia]]>pDataRaportu,"Data zatrudnienia w przyszłości",""),IF(AND(tblKadry[[#This Row],[Status]]="Zwolniony",tblKadry[[#This Row],[Data_zwolnienia]]=""),"Brak daty zwolnienia",""),IF(AND(tblKadry[[#This Row],[Status]]="Aktywny",tblKadry[[#This Row],[Data_zwolnienia]]<>""),"Aktywny z datą zwolnienia",""),IF(AND(tblKadry[[#This Row],[Status]]="Aktywny",tblKadry[[#This Row],[Typ_umowy]]="Na czas określony",tblKadry[[#This Row],[Staż_lat]]>2.75),"Umowa terminowa > 33 mies. (art. 25¹ KP)",""),IF(AND(tblKadry[[#This Row],[Status]]="Aktywny",tblKadry[[#This Row],[Typ_umowy]]="Na okres próbny",tblKadry[[#This Row],[Staż_lat]]>0.25),"Okres próbny > 3 mies. (art. 25 KP)","")) -> Brak wynagrodzenia
A5: P1126 | B5: Katowice | C5: Kardiochirurgia | D5: Lekarz specjalista | E5: G6 | F5: K | G5: 39651 | H5: Na czas nieokreślony | I5: 1 | J5: 25750 | K5: 0 | L5: Aktywny | N5: =tblKadry[[#This Row],[Wynagrodzenie_zasadnicze]]+tblKadry[[#This Row],[Dodatek_funkcyjny]] -> 25750 | O5: =IF(OR(tblKadry[[#This Row],[Wynagrodzenie_zasadnicze]]="",tblKadry[[#This Row],[Etat]]=0),"",tblKadry[[#This Row],[Wynagrodzenie_zasadnicze]]/tblKadry[[#This Row],[Etat]]) -> 25750 | P5: =IF(AND(tblKadry[[#This Row],[Status]]="Aktywny",tblKadry[[#This Row],[Data_zatrudnienia]]<=pDataRaportu),1,0) -> 1 | Q5: =IF(tblKadry[[#This Row],[Data_zatrudnienia]]>pDataRaportu,0,ROUND(YEARFRAC(tblKadry[[#This Row],[Data_zatrudnienia]],IF(tblKadry[[#This Row],[Data_zwolnienia]]="",pDataRaportu,tblKadry[[#This Row],[Data_zwolnienia]])),1)) -> 18.2 | R5: =tblKadry[[#This Row],[Brutto_mies]]*(1+pNarzut) -> 31409.85 | S5: =_xlfn.XLOOKUP(tblKadry[[#This Row],[Grupa]],tblWidelki[Grupa],tblWidelki[Środek],"") -> 20500 | T5: =IF(tblKadry[[#This Row],[Stawka_pełny_etat]]="","",tblKadry[[#This Row],[Stawka_pełny_etat]]/tblKadry[[#This Row],[Środek_widełek]]) -> 1.2560976 | U5: =IF(tblKadry[[#This Row],[Stawka_pełny_etat]]="","",IF(tblKadry[[#This Row],[Stawka_pełny_etat]]<_xlfn.XLOOKUP(tblKadry[[#This Row],[Grupa]],tblWidelki[Grupa],tblWidelki[Min]),"Poniżej",IF(tblKadry[[#This Row],[Stawka_pełny_etat]]>_xlfn.XLOOKUP(tblKadry[[#This Row],[Grupa]],tblWidelki[Grupa],tblWidelki[Max]),"Powyżej","W widełkach"))) -> Powyżej | V5: =_xlfn.TEXTJOIN("; ",TRUE,IF(COUNTIF(tblKadry[ID_Pracownika],tblKadry[[#This Row],[ID_Pracownika]])>1,"Duplikat ID",""),IF(tblKadry[[#This Row],[Dział]]="","Brak działu",""),IF(tblKadry[[#This Row],[Wynagrodzenie_zasadnicze]]="","Brak wynagrodzenia",""),IF(AND(tblKadry[[#This Row],[Wynagrodzenie_zasadnicze]]<>"",tblKadry[[#This Row],[Brutto_mies]]<pPlacaMin*tblKadry[[#This Row],[Etat]]),"Poniżej płacy minimalnej",""),IF(OR(tblKadry[[#This Row],[Etat]]<=0,tblKadry[[#This Row],[Etat]]>1),"Nieprawidłowy etat",""),IF(tblKadry[[#This Row],[Data_zatrudnienia]]>pDataRaportu,"Data zatrudnienia w przyszłości",""),IF(AND(tblKadry[[#This Row],[Status]]="Zwolniony",tblKadry[[#This Row],[Data_zwolnienia]]=""),"Brak daty zwolnienia",""),IF(AND(tblKadry[[#This Row],[Status]]="Aktywny",tblKadry[[#This Row],[Data_zwolnienia]]<>""),"Aktywny z datą zwolnienia",""),IF(AND(tblKadry[[#This Row],[Status]]="Aktywny",tblKadry[[#This Row],[Typ_umowy]]="Na czas określony",tblKadry[[#This Row],[Staż_lat]]>2.75),"Umowa terminowa > 33 mies. (art. 25¹ KP)",""),IF(AND(tblKadry[[#This Row],[Status]]="Aktywny",tblKadry[[#This Row],[Typ_umowy]]="Na okres próbny",tblKadry[[#This Row],[Staż_lat]]>0.25),"Okres próbny > 3 mies. (art. 25 KP)",""))
A6: P1011 | B6: Katowice | C6: Chirurgia naczyniowa | D6: Lekarz specjalista | E6: G6 | F6: K | G6: 43833 | H6: Na czas nieokreślony | I6: 1 | J6: 25270 | K6: 0 | L6: Zwolniony | M6: 46293 | N6: =tblKadry[[#This Row],[Wynagrodzenie_zasadnicze]]+tblKadry[[#This Row],[Dodatek_funkcyjny]] -> 25270 | O6: =IF(OR(tblKadry[[#This Row],[Wynagrodzenie_zasadnicze]]="",tblKadry[[#This Row],[Etat]]=0),"",tblKadry[[#This Row],[Wynagrodzenie_zasadnicze]]/tblKadry[[#This Row],[Etat]]) -> 25270 | P6: =IF(AND(tblKadry[[#This Row],[Status]]="Aktywny",tblKadry[[#This Row],[Data_zatrudnienia]]<=pDataRaportu),1,0) -> 0 | Q6: =IF(tblKadry[[#This Row],[Data_zatrudnienia]]>pDataRaportu,0,ROUND(YEARFRAC(tblKadry[[#This Row],[Data_zatrudnienia]],IF(tblKadry[[#This Row],[Data_zwolnienia]]="",pDataRaportu,tblKadry[[#This Row],[Data_zwolnienia]])),1)) -> 6.7 | R6: =tblKadry[[#This Row],[Brutto_mies]]*(1+pNarzut) -> 30824.346 | S6: =_xlfn.XLOOKUP(tblKadry[[#This Row],[Grupa]],tblWidelki[Grupa],tblWidelki[Środek],"") -> 20500 | T6: =IF(tblKadry[[#This Row],[Stawka_pełny_etat]]="","",tblKadry[[#This Row],[Stawka_pełny_etat]]/tblKadry[[#This Row],[Środek_widełek]]) -> 1.2326829 | U6: =IF(tblKadry[[#This Row],[Stawka_pełny_etat]]="","",IF(tblKadry[[#This Row],[Stawka_pełny_etat]]<_xlfn.XLOOKUP(tblKadry[[#This Row],[Grupa]],tblWidelki[Grupa],tblWidelki[Min]),"Poniżej",IF(tblKadry[[#This Row],[Stawka_pełny_etat]]>_xlfn.XLOOKUP(tblKadry[[#This Row],[Grupa]],tblWidelki[Grupa],tblWidelki[Max]),"Powyżej","W widełkach"))) -> Powyżej | V6: =_xlfn.TEXTJOIN("; ",TRUE,IF(COUNTIF(tblKadry[ID_Pracownika],tblKadry[[#This Row],[ID_Pracownika]])>1,"Duplikat ID",""),IF(tblKadry[[#This Row],[Dział]]="","Brak działu",""),IF(tblKadry[[#This Row],[Wynagrodzenie_zasadnicze]]="","Brak wynagrodzenia",""),IF(AND(tblKadry[[#This Row],[Wynagrodzenie_zasadnicze]]<>"",tblKadry[[#This Row],[Brutto_mies]]<pPlacaMin*tblKadry[[#This Row],[Etat]]),"Poniżej płacy minimalnej",""),IF(OR(tblKadry[[#This Row],[Etat]]<=0,tblKadry[[#This Row],[Etat]]>1),"Nieprawidłowy etat",""),IF(tblKadry[[#This Row],[Data_zatrudnienia]]>pDataRaportu,"Data zatrudnienia w przyszłości",""),IF(AND(tblKadry[[#This Row],[Status]]="Zwolniony",tblKadry[[#This Row],[Data_zwolnienia]]=""),"Brak daty zwolnienia",""),IF(AND(tblKadry[[#This Row],[Status]]="Aktywny",tblKadry[[#This Row],[Data_zwolnienia]]<>""),"Aktywny z datą zwolnienia",""),IF(AND(tblKadry[[#This Row],[Status]]="Aktywny",tblKadry[[#This Row],[Typ_umowy]]="Na czas określony",tblKadry[[#This Row],[Staż_lat]]>2.75),"Umowa terminowa > 33 mies. (art. 25¹ KP)",""),IF(AND(tblKadry[[#This Row],[Status]]="Aktywny",tblKadry[[#This Row],[Typ_umowy]]="Na okres próbny",tblKadry[[#This Row],[Staż_lat]]>0.25),"Okres próbny > 3 mies. (art. 25 KP)",""))
A7: P1076 | B7: Ustroń | C7: Kardiologia | D7: Lekarz specjalista | E7: G6 | F7: M | G7: 40950 | H7: Na czas nieokreślony | I7: 1 | J7: 24850 | K7: 0 | L7: Aktywny | N7: =tblKadry[[#This Row],[Wynagrodzenie_zasadnicze]]+tblKadry[[#This Row],[Dodatek_funkcyjny]] -> 24850 | O7: =IF(OR(tblKadry[[#This Row],[Wynagrodzenie_zasadnicze]]="",tblKadry[[#This Row],[Etat]]=0),"",tblKadry[[#This Row],[Wynagrodzenie_zasadnicze]]/tblKadry[[#This Row],[Etat]]) -> 24850 | P7: =IF(AND(tblKadry[[#This Row],[Status]]="Aktywny",tblKadry[[#This Row],[Data_zatrudnienia]]<=pDataRaportu),1,0) -> 1 | Q7: =IF(tblKadry[[#This Row],[Data_zatrudnienia]]>pDataRaportu,0,ROUND(YEARFRAC(tblKadry[[#This Row],[Data_zatrudnienia]],IF(tblKadry[[#This Row],[Data_zwolnienia]]="",pDataRaportu,tblKadry[[#This Row],[Data_zwolnienia]])),1)) -> 14.6 | R7: =tblKadry[[#This Row],[Brutto_mies]]*(1+pNarzut) -> 30312.03 | S7: =_xlfn.XLOOKUP(tblKadry[[#This Row],[Grupa]],tblWidelki[Grupa],tblWidelki[Środek],"") -> 20500 | T7: =IF(tblKadry[[#This Row],[Stawka_pełny_etat]]="","",tblKadry[[#This Row],[Stawka_pełny_etat]]/tblKadry[[#This Row],[Środek_widełek]]) -> 1.2121951 | U7: =IF(tblKadry[[#This Row],[Stawka_pełny_etat]]="","",IF(tblKadry[[#This Row],[Stawka_pełny_etat]]<_xlfn.XLOOKUP(tblKadry[[#This Row],[Grupa]],tblWidelki[Grupa],tblWidelki[Min]),"Poniżej",IF(tblKadry[[#This Row],[Stawka_pełny_etat]]>_xlfn.XLOOKUP(tblKadry[[#This Row],[Grupa]],tblWidelki[Grupa],tblWidelki[Max]),"Powyżej","W widełkach"))) -> Powyżej | V7: =_xlfn.TEXTJOIN("; ",TRUE,IF(COUNTIF(tblKadry[ID_Pracownika],tblKadry[[#This Row],[ID_Pracownika]])>1,"Duplikat ID",""),IF(tblKadry[[#This Row],[Dział]]="","Brak działu",""),IF(tblKadry[[#This Row],[Wynagrodzenie_zasadnicze]]="","Brak wynagrodzenia",""),IF(AND(tblKadry[[#This Row],[Wynagrodzenie_zasadnicze]]<>"",tblKadry[[#This Row],[Brutto_mies]]<pPlacaMin*tblKadry[[#This Row],[Etat]]),"Poniżej płacy minimalnej",""),IF(OR(tblKadry[[#This Row],[Etat]]<=0,tblKadry[[#This Row],[Etat]]>1),"Nieprawidłowy etat",""),IF(tblKadry[[#This Row],[Data_zatrudnienia]]>pDataRaportu,"Data zatrudnienia w przyszłości",""),IF(AND(tblKadry[[#This Row],[Status]]="Zwolniony",tblKadry[[#This Row],[Data_zwolnienia]]=""),"Brak daty zwolnienia",""),IF(AND(tblKadry[[#This Row],[Status]]="Aktywny",tblKadry[[#This Row],[Data_zwolnienia]]<>""),"Aktywny z datą zwolnienia",""),IF(AND(tblKadry[[#This Row],[Status]]="Aktywny",tblKadry[[#This Row],[Typ_umowy]]="Na czas określony",tblKadry[[#This Row],[Staż_lat]]>2.75),"Umowa terminowa > 33 mies. (art. 25¹ KP)",""),IF(AND(tblKadry[[#This Row],[Status]]="Aktywny",tblKadry[[#This Row],[Typ_umowy]]="Na okres próbny",tblKadry[[#This Row],[Staż_lat]]>0.25),"Okres próbny > 3 mies. (art. 25 KP)",""))
A8: P1114 | B8: Bielsko-Biała | C8: Kardiochirurgia | D8: Lekarz specjalista | E8: G6 | F8: M | G8: 39978 | H8: Na czas określony | I8: 1 | J8: 23690 | K8: 0 | L8: Zwolniony | M8: 46081 | N8: =tblKadry[[#This Row],[Wynagrodzenie_zasadnicze]]+tblKadry[[#This Row],[Dodatek_funkcyjny]] -> 23690 | O8: =IF(OR(tblKadry[[#This Row],[Wynagrodzenie_zasadnicze]]="",tblKadry[[#This Row],[Etat]]=0),"",tblKadry[[#This Row],[Wynagrodzenie_zasadnicze]]/tblKadry[[#This Row],[Etat]]) -> 23690 | P8: =IF(AND(tblKadry[[#This Row],[Status]]="Aktywny",tblKadry[[#This Row],[Data_zatrudnienia]]<=pDataRaportu),1,0) -> 0 | Q8: =IF(tblKadry[[#This Row],[Data_zatrudnienia]]>pDataRaportu,0,ROUND(YEARFRAC(tblKadry[[#This Row],[Data_zatrudnienia]],IF(tblKadry[[#This Row],[Data_zwolnienia]]="",pDataRaportu,tblKadry[[#This Row],[Data_zwolnienia]])),1)) -> 16.7 | R8: =tblKadry[[#This Row],[Brutto_mies]]*(1+pNarzut) -> 28897.062 | S8: =_xlfn.XLOOKUP(tblKadry[[#This Row],[Grupa]],tblWidelki[Grupa],tblWidelki[Środek],"") -> 20500 | T8: =IF(tblKadry[[#This Row],[Stawka_pełny_etat]]="","",tblKadry[[#This Row],[Stawka_pełny_etat]]/tblKadry[[#This Row],[Środek_widełek]]) -> 1.1556098 | U8: =IF(tblKadry[[#This Row],[Stawka_pełny_etat]]="","",IF(tblKadry[[#This Row],[Stawka_pełny_etat]]<_xlfn.XLOOKUP(tblKadry[[#This Row],[Grupa]],tblWidelki[Grupa],tblWidelki[Min]),"Poniżej",IF(tblKadry[[#This Row],[Stawka_pełny_etat]]>_xlfn.XLOOKUP(tblKadry[[#This Row],[Grupa]],tblWidelki[Grupa],tblWidelki[Max]),"Powyżej","W widełkach"))) -> W widełkach | V8: =_xlfn.TEXTJOIN("; ",TRUE,IF(COUNTIF(tblKadry[ID_Pracownika],tblKadry[[#This Row],[ID_Pracownika]])>1,"Duplikat ID",""),IF(tblKadry[[#This Row],[Dział]]="","Brak działu",""),IF(tblKadry[[#This Row],[Wynagrodzenie_zasadnicze]]="","Brak wynagrodzenia",""),IF(AND(tblKadry[[#This Row],[Wynagrodzenie_zasadnicze]]<>"",tblKadry[[#This Row],[Brutto_mies]]<pPlacaMin*tblKadry[[#This Row],[Etat]]),"Poniżej płacy minimalnej",""),IF(OR(tblKadry[[#This Row],[Etat]]<=0,tblKadry[[#This Row],[Etat]]>1),"Nieprawidłowy etat",""),IF(tblKadry[[#This Row],[Data_zatrudnienia]]>pDataRaportu,"Data zatrudnienia w przyszłości",""),IF(AND(tblKadry[[#This Row],[Status]]="Zwolniony",tblKadry[[#This Row],[Data_zwolnienia]]=""),"Brak daty zwolnienia",""),IF(AND(tblKadry[[#This Row],[Status]]="Aktywny",tblKadry[[#This Row],[Data_zwolnienia]]<>""),"Aktywny z datą zwolnienia",""),IF(AND(tblKadry[[#This Row],[Status]]="Aktywny",tblKadry[[#This Row],[Typ_umowy]]="Na czas określony",tblKadry[[#This Row],[Staż_lat]]>2.75),"Umowa terminowa > 33 mies. (art. 25¹ KP)",""),IF(AND(tblKadry[[#This Row],[Status]]="Aktywny",tblKadry[[#This Row],[Typ_umowy]]="Na okres próbny",tblKadry[[#This Row],[Staż_lat]]>0.25),"Okres próbny > 3 mies. (art. 25 KP)",""))
A9: P1017 | B9: Katowice | C9: Chirurgia naczyniowa | D9: Lekarz specjalista | E9: G6 | F9: M | G9: 40394 | H9: Na czas nieokreślony | I9: 1 | J9: 23320 | K9: 0 | L9: Aktywny | N9: =tblKadry[[#This Row],[Wynagrodzenie_zasadnicze]]+tblKadry[[#This Row],[Dodatek_funkcyjny]] -> 23320 | O9: =IF(OR(tblKadry[[#This Row],[Wynagrodzenie_zasadnicze]]="",tblKadry[[#This Row],[Etat]]=0),"",tblKadry[[#This Row],[Wynagrodzenie_zasadnicze]]/tblKadry[[#This Row],[Etat]]) -> 23320 | P9: =IF(AND(tblKadry[[#This Row],[Status]]="Aktywny",tblKadry[[#This Row],[Data_zatrudnienia]]<=pDataRaportu),1,0) -> 1 | Q9: =IF(tblKadry[[#This Row],[Data_zatrudnienia]]>pDataRaportu,0,ROUND(YEARFRAC(tblKadry[[#This Row],[Data_zatrudnienia]],IF(tblKadry[[#This Row],[Data_zwolnienia]]="",pDataRaportu,tblKadry[[#This Row],[Data_zwolnienia]])),1)) -> 16.2 | R9: =tblKadry[[#This Row],[Brutto_mies]]*(1+pNarzut) -> 28445.736 | S9: =_xlfn.XLOOKUP(tblKadry[[#This Row],[Grupa]],tblWidelki[Grupa],tblWidelki[Środek],"") -> 20500 | T9: =IF(tblKadry[[#This Row],[Stawka_pełny_etat]]="","",tblKadry[[#This Row],[Stawka_pełny_etat]]/tblKadry[[#This Row],[Środek_widełek]]) -> 1.137561 | U9: =IF(tblKadry[[#This Row],[Stawka_pełny_etat]]="","",IF(tblKadry[[#This Row],[Stawka_pełny_etat]]<_xlfn.XLOOKUP(tblKadry[[#This Row],[Grupa]],tblWidelki[Grupa],tblWidelki[Min]),"Poniżej",IF(tblKadry[[#This Row],[Stawka_pełny_etat]]>_xlfn.XLOOKUP(tblKadry[[#This Row],[Grupa]],tblWidelki[Grupa],tblWidelki[Max]),"Powyżej","W widełkach"))) -> W widełkach | V9: =_xlfn.TEXTJOIN("; ",TRUE,IF(COUNTIF(tblKadry[ID_Pracownika],tblKadry[[#This Row],[ID_Pracownika]])>1,"Duplikat ID",""),IF(tblKadry[[#This Row],[Dział]]="","Brak działu",""),IF(tblKadry[[#This Row],[Wynagrodzenie_zasadnicze]]="","Brak wynagrodzenia",""),IF(AND(tblKadry[[#This Row],[Wynagrodzenie_zasadnicze]]<>"",tblKadry[[#This Row],[Brutto_mies]]<pPlacaMin*tblKadry[[#This Row],[Etat]]),"Poniżej płacy minimalnej",""),IF(OR(tblKadry[[#This Row],[Etat]]<=0,tblKadry[[#This Row],[Etat]]>1),"Nieprawidłowy etat",""),IF(tblKadry[[#This Row],[Data_zatrudnienia]]>pDataRaportu,"Data zatrudnienia w przyszłości",""),IF(AND(tblKadry[[#This Row],[Status]]="Zwolniony",tblKadry[[#This Row],[Data_zwolnienia]]=""),"Brak daty zwolnienia",""),IF(AND(tblKadry[[#This Row],[Status]]="Aktywny",tblKadry[[#This Row],[Data_zwolnienia]]<>""),"Aktywny z datą zwolnienia",""),IF(AND(tblKadry[[#This Row],[Status]]="Aktywny",tblKadry[[#This Row],[Typ_umowy]]="Na czas określony",tblKadry[[#This Row],[Staż_lat]]>2.75),"Umowa terminowa > 33 mies. (art. 25¹ KP)",""),IF(AND(tblKadry[[#This Row],[Status]]="Aktywny",tblKadry[[#This Row],[Typ_umowy]]="Na okres próbny",tblKadry[[#This Row],[Staż_lat]]>0.25),"Okres próbny > 3 mies. (art. 25 KP)",""))
A10: P1093 | B10: Kraków | C10: Kardiologia | D10: Lekarz specjalista | E10: G6 | F10: M | G10: 40030 | H10: Na czas nieokreślony | I10: 1 | J10: 22690 | K10: 0 | L10: Aktywny | N10: =tblKadry[[#This Row],[Wynagrodzenie_zasadnicze]]+tblKadry[[#This Row],[Dodatek_funkcyjny]] -> 22690 | O10: =IF(OR(tblKadry[[#This Row],[Wynagrodzenie_zasadnicze]]="",tblKadry[[#This Row],[Etat]]=0),"",tblKadry[[#This Row],[Wynagrodzenie_zasadnicze]]/tblKadry[[#This Row],[Etat]]) -> 22690 | P10: =IF(AND(tblKadry[[#This Row],[Status]]="Aktywny",tblKadry[[#This Row],[Data_zatrudnienia]]<=pDataRaportu),1,0) -> 1 | Q10: =IF(tblKadry[[#This Row],[Data_zatrudnienia]]>pDataRaportu,0,ROUND(YEARFRAC(tblKadry[[#This Row],[Data_zatrudnienia]],IF(tblKadry[[#This Row],[Data_zwolnienia]]="",pDataRaportu,tblKadry[[#This Row],[Data_zwolnienia]])),1)) -> 17.2 | R10: =tblKadry[[#This Row],[Brutto_mies]]*(1+pNarzut) -> 27677.262 | S10: =_xlfn.XLOOKUP(tblKadry[[#This Row],[Grupa]],tblWidelki[Grupa],tblWidelki[Środek],"") -> 20500 | T10: =IF(tblKadry[[#This Row],[Stawka_pełny_etat]]="","",tblKadry[[#This Row],[Stawka_pełny_etat]]/tblKadry[[#This Row],[Środek_widełek]]) -> 1.1068293 | U10: =IF(tblKadry[[#This Row],[Stawka_pełny_etat]]="","",IF(tblKadry[[#This Row],[Stawka_pełny_etat]]<_xlfn.XLOOKUP(tblKadry[[#This Row],[Grupa]],tblWidelki[Grupa],tblWidelki[Min]),"Poniżej",IF(tblKadry[[#This Row],[Stawka_pełny_etat]]>_xlfn.XLOOKUP(tblKadry[[#This Row],[Grupa]],tblWidelki[Grupa],tblWidelki[Max]),"Powyżej","W widełkach"))) -> W widełkach | V10: =_xlfn.TEXTJOIN("; ",TRUE,IF(COUNTIF(tblKadry[ID_Pracownika],tblKadry[[#This Row],[ID_Pracownika]])>1,"Duplikat ID",""),IF(tblKadry[[#This Row],[Dział]]="","Brak działu",""),IF(tblKadry[[#This Row],[Wynagrodzenie_zasadnicze]]="","Brak wynagrodzenia",""),IF(AND(tblKadry[[#This Row],[Wynagrodzenie_zasadnicze]]<>"",tblKadry[[#This Row],[Brutto_mies]]<pPlacaMin*tblKadry[[#This Row],[Etat]]),"Poniżej płacy minimalnej",""),IF(OR(tblKadry[[#This Row],[Etat]]<=0,tblKadry[[#This Row],[Etat]]>1),"Nieprawidłowy etat",""),IF(tblKadry[[#This Row],[Data_zatrudnienia]]>pDataRaportu,"Data zatrudnienia w przyszłości",""),IF(AND(tblKadry[[#This Row],[Status]]="Zwolniony",tblKadry[[#This Row],[Data_zwolnienia]]=""),"Brak daty zwolnienia",""),IF(AND(tblKadry[[#This Row],[Status]]="Aktywny",tblKadry[[#This Row],[Data_zwolnienia]]<>""),"Aktywny z datą zwolnienia",""),IF(AND(tblKadry[[#This Row],[Status]]="Aktywny",tblKadry[[#This Row],[Typ_umowy]]="Na czas określony",tblKadry[[#This Row],[Staż_lat]]>2.75),"Umowa terminowa > 33 mies. (art. 25¹ KP)",""),IF(AND(tblKadry[[#This Row],[Status]]="Aktywny",tblKadry[[#This Row],[Typ_umowy]]="Na okres próbny",tblKadry[[#This Row],[Staż_lat]]>0.25),"Okres próbny > 3 mies. (art. 25 KP)",""))
A11: P1008 | B11: Kraków | C11: Kardiochirurgia | D11: Lekarz specjalista | E11: G6 | F11: M | G11: 44429 | H11: Na czas nieokreślony | I11: 0.75 | J11: 16890 | K11: 0 | L11: Aktywny | N11: =tblKadry[[#This Row],[Wynagrodzenie_zasadnicze]]+tblKadry[[#This Row],[Dodatek_funkcyjny]] -> 16890 | O11: =IF(OR(tblKadry[[#This Row],[Wynagrodzenie_zasadnicze]]="",tblKadry[[#This Row],[Etat]]=0),"",tblKadry[[#This Row],[Wynagrodzenie_zasadnicze]]/tblKadry[[#This Row],[Etat]]) -> 22520 | P11: =IF(AND(tblKadry[[#This Row],[Status]]="Aktywny",tblKadry[[#This Row],[Data_zatrudnienia]]<=pDataRaportu),1,0) -> 1 | Q11: =IF(tblKadry[[#This Row],[Data_zatrudnienia]]>pDataRaportu,0,ROUND(YEARFRAC(tblKadry[[#This Row],[Data_zatrudnienia]],IF(tblKadry[[#This Row],[Data_zwolnienia]]="",pDataRaportu,tblKadry[[#This Row],[Data_zwolnienia]])),1)) -> 5.1 | R11: =tblKadry[[#This Row],[Brutto_mies]]*(1+pNarzut) -> 20602.422 | S11: =_xlfn.XLOOKUP(tblKadry[[#This Row],[Grupa]],tblWidelki[Grupa],tblWidelki[Środek],"") -> 20500 | T11: =IF(tblKadry[[#This Row],[Stawka_pełny_etat]]="","",tblKadry[[#This Row],[Stawka_pełny_etat]]/tblKadry[[#This Row],[Środek_widełek]]) -> 1.0985366 | U11: =IF(tblKadry[[#This Row],[Stawka_pełny_etat]]="","",IF(tblKadry[[#This Row],[Stawka_pełny_etat]]<_xlfn.XLOOKUP(tblKadry[[#This Row],[Grupa]],tblWidelki[Grupa],tblWidelki[Min]),"Poniżej",IF(tblKadry[[#This Row],[Stawka_pełny_etat]]>_xlfn.XLOOKUP(tblKadry[[#This Row],[Grupa]],tblWidelki[Grupa],tblWidelki[Max]),"Powyżej","W widełkach"))) -> W widełkach | V11: =_xlfn.TEXTJOIN("; ",TRUE,IF(COUNTIF(tblKadry[ID_Pracownika],tblKadry[[#This Row],[ID_Pracownika]])>1,"Duplikat ID",""),IF(tblKadry[[#This Row],[Dział]]="","Brak działu",""),IF(tblKadry[[#This Row],[Wynagrodzenie_zasadnicze]]="","Brak wynagrodzenia",""),IF(AND(tblKadry[[#This Row],[Wynagrodzenie_zasadnicze]]<>"",tblKadry[[#This Row],[Brutto_mies]]<pPlacaMin*tblKadry[[#This Row],[Etat]]),"Poniżej płacy minimalnej",""),IF(OR(tblKadry[[#This Row],[Etat]]<=0,tblKadry[[#This Row],[Etat]]>1),"Nieprawidłowy etat",""),IF(tblKadry[[#This Row],[Data_zatrudnienia]]>pDataRaportu,"Data zatrudnienia w przyszłości",""),IF(AND(tblKadry[[#This Row],[Status]]="Zwolniony",tblKadry[[#This Row],[Data_zwolnienia]]=""),"Brak daty zwolnienia",""),IF(AND(tblKadry[[#This Row],[Status]]="Aktywny",tblKadry[[#This Row],[Data_zwolnienia]]<>""),"Aktywny z datą zwolnienia",""),IF(AND(tblKadry[[#This Row],[Status]]="Aktywny",tblKadry[[#This Row],[Typ_umowy]]="Na czas określony",tblKadry[[#This Row],[Staż_lat]]>2.75),"Umowa terminowa > 33 mies. (art. 25¹ KP)",""),IF(AND(tblKadry[[#This Row],[Status]]="Aktywny",tblKadry[[#This Row],[Typ_umowy]]="Na okres próbny",tblKadry[[#This Row],[Staż_lat]]>0.25),"Okres próbny > 3 mies. (art. 25 KP)",""))
A12: P1181 | B12: Kraków | C12: Chirurgia naczyniowa | D12: Lekarz specjalista | E12: G6 | F12: M | G12: 44854 | H12: Na czas nieokreślony | I12: 1 | J12: 22020 | K12: 0 | L12: Aktywny | N12: =tblKadry[[#This Row],[Wynagrodzenie_zasadnicze]]+tblKadry[[#This Row],[Dodatek_funkcyjny]] -> 22020 | O12: =IF(OR(tblKadry[[#This Row],[Wynagrodzenie_zasadnicze]]="",tblKadry[[#This Row],[Etat]]=0),"",tblKadry[[#This Row],[Wynagrodzenie_zasadnicze]]/tblKadry[[#This Row],[Etat]]) -> 22020 | P12: =IF(AND(tblKadry[[#This Row],[Status]]="Aktywny",tblKadry[[#This Row],[Data_zatrudnienia]]<=pDataRaportu),1,0) -> 1 | Q12: =IF(tblKadry[[#This Row],[Data_zatrudnienia]]>pDataRaportu,0,ROUND(YEARFRAC(tblKadry[[#This Row],[Data_zatrudnienia]],IF(tblKadry[[#This Row],[Data_zwolnienia]]="",pDataRaportu,tblKadry[[#This Row],[Data_zwolnienia]])),1)) -> 3.9 | R12: =tblKadry[[#This Row],[Brutto_mies]]*(1+pNarzut) -> 26859.996 | S12: =_xlfn.XLOOKUP(tblKadry[[#This Row],[Grupa]],tblWidelki[Grupa],tblWidelki[Środek],"") -> 20500 | T12: =IF(tblKadry[[#This Row],[Stawka_pełny_etat]]="","",tblKadry[[#This Row],[Stawka_pełny_etat]]/tblKadry[[#This Row],[Środek_widełek]]) -> 1.0741463 | U12: =IF(tblKadry[[#This Row],[Stawka_pełny_etat]]="","",IF(tblKadry[[#This Row],[Stawka_pełny_etat]]<_xlfn.XLOOKUP(tblKadry[[#This Row],[Grupa]],tblWidelki[Grupa],tblWidelki[Min]),"Poniżej",IF(tblKadry[[#This Row],[Stawka_pełny_etat]]>_xlfn.XLOOKUP(tblKadry[[#This Row],[Grupa]],tblWidelki[Grupa],tblWidelki[Max]),"Powyżej","W widełkach"))) -> W widełkach | V12: =_xlfn.TEXTJOIN("; ",TRUE,IF(COUNTIF(tblKadry[ID_Pracownika],tblKadry[[#This Row],[ID_Pracownika]])>1,"Duplikat ID",""),IF(tblKadry[[#This Row],[Dział]]="","Brak działu",""),IF(tblKadry[[#This Row],[Wynagrodzenie_zasadnicze]]="","Brak wynagrodzenia",""),IF(AND(tblKadry[[#This Row],[Wynagrodzenie_zasadnicze]]<>"",tblKadry[[#This Row],[Brutto_mies]]<pPlacaMin*tblKadry[[#This Row],[Etat]]),"Poniżej płacy minimalnej",""),IF(OR(tblKadry[[#This Row],[Etat]]<=0,tblKadry[[#This Row],[Etat]]>1),"Nieprawidłowy etat",""),IF(tblKadry[[#This Row],[Data_zatrudnienia]]>pDataRaportu,"Data zatrudnienia w przyszłości",""),IF(AND(tblKadry[[#This Row],[Status]]="Zwolniony",tblKadry[[#This Row],[Data_zwolnienia]]=""),"Brak daty zwolnienia",""),IF(AND(tblKadry[[#This Row],[Status]]="Aktywny",tblKadry[[#This Row],[Data_zwolnienia]]<>""),"Aktywny z datą zwolnienia",""),IF(AND(tblKadry[[#This Row],[Status]]="Aktywny",tblKadry[[#This Row],[Typ_umowy]]="Na czas określony",tblKadry[[#This Row],[Staż_lat]]>2.75),"Umowa terminowa > 33 mies. (art. 25¹ KP)",""),IF(AND(tblKadry[[#This Row],[Status]]="Aktywny",tblKadry[[#This Row],[Typ_umowy]]="Na okres próbny",tblKadry[[#This Row],[Staż_lat]]>0.25),"Okres próbny > 3 mies. (art. 25 KP)",""))
A13: P1180 | B13: Bielsko-Biała | C13: Chirurgia naczyniowa | D13: Lekarz specjalista | E13: G6 | F13: M | G13: 40140 | H13: Na czas nieokreślony | I13: 1 | J13: 21850 | K13: 0 | L13: Aktywny | N13: =tblKadry[[#This Row],[Wynagrodzenie_zasadnicze]]+tblKadry[[#This Row],[Dodatek_funkcyjny]] -> 21850 | O13: =IF(OR(tblKadry[[#This Row],[Wynagrodzenie_zasadnicze]]="",tblKadry[[#This Row],[Etat]]=0),"",tblKadry[[#This Row],[Wynagrodzenie_zasadnicze]]/tblKadry[[#This Row],[Etat]]) -> 21850 | P13: =IF(AND(tblKadry[[#This Row],[Status]]="Aktywny",tblKadry[[#This Row],[Data_zatrudnienia]]<=pDataRaportu),1,0) -> 1 | Q13: =IF(tblKadry[[#This Row],[Data_zatrudnienia]]>pDataRaportu,0,ROUND(YEARFRAC(tblKadry[[#This Row],[Data_zatrudnienia]],IF(tblKadry[[#This Row],[Data_zwolnienia]]="",pDataRaportu,tblKadry[[#This Row],[Data_zwolnienia]])),1)) -> 16.9 | R13: =tblKadry[[#This Row],[Brutto_mies]]*(1+pNarzut) -> 26652.63 | S13: =_xlfn.XLOOKUP(tblKadry[[#This Row],[Grupa]],tblWidelki[Grupa],tblWidelki[Środek],"") -> 20500 | T13: =IF(tblKadry[[#This Row],[Stawka_pełny_etat]]="","",tblKadry[[#This Row],[Stawka_pełny_etat]]/tblKadry[[#This Row],[Środek_widełek]]) -> 1.0658537 | U13: =IF(tblKadry[[#This Row],[Stawka_pełny_etat]]="","",IF(tblKadry[[#This Row],[Stawka_pełny_etat]]<_xlfn.XLOOKUP(tblKadry[[#This Row],[Grupa]],tblWidelki[Grupa],tblWidelki[Min]),"Poniżej",IF(tblKadry[[#This Row],[Stawka_pełny_etat]]>_xlfn.XLOOKUP(tblKadry[[#This Row],[Grupa]],tblWidelki[Grupa],tblWidelki[Max]),"Powyżej","W widełkach"))) -> W widełkach | V13: =_xlfn.TEXTJOIN("; ",TRUE,IF(COUNTIF(tblKadry[ID_Pracownika],tblKadry[[#This Row],[ID_Pracownika]])>1,"Duplikat ID",""),IF(tblKadry[[#This Row],[Dział]]="","Brak działu",""),IF(tblKadry[[#This Row],[Wynagrodzenie_zasadnicze]]="","Brak wynagrodzenia",""),IF(AND(tblKadry[[#This Row],[Wynagrodzenie_zasadnicze]]<>"",tblKadry[[#This Row],[Brutto_mies]]<pPlacaMin*tblKadry[[#This Row],[Etat]]),"Poniżej płacy minimalnej",""),IF(OR(tblKadry[[#This Row],[Etat]]<=0,tblKadry[[#This Row],[Etat]]>1),"Nieprawidłowy etat",""),IF(tblKadry[[#This Row],[Data_zatrudnienia]]>pDataRaportu,"Data zatrudnienia w przyszłości",""),IF(AND(tblKadry[[#This Row],[Status]]="Zwolniony",tblKadry[[#This Row],[Data_zwolnienia]]=""),"Brak daty zwolnienia",""),IF(AND(tblKadry[[#This Row],[Status]]="Aktywny",tblKadry[[#This Row],[Data_zwolnienia]]<>""),"Aktywny z datą zwolnienia",""),IF(AND(tblKadry[[#This Row],[Status]]="Aktywny",tblKadry[[#This Row],[Typ_umowy]]="Na czas określony",tblKadry[[#This Row],[Staż_lat]]>2.75),"Umowa terminowa > 33 mies. (art. 25¹ KP)",""),IF(AND(tblKadry[[#This Row],[Status]]="Aktywny",tblKadry[[#This Row],[Typ_umowy]]="Na okres próbny",tblKadry[[#This Row],[Staż_lat]]>0.25),"Okres próbny > 3 mies. (art. 25 KP)",""))
A14: P1034 | B14: Bielsko-Biała | C14: Chirurgia naczyniowa | D14: Lekarz specjalista | E14: G6 | F14: K | G14: 42912 | H14: Na czas nieokreślony | I14: 1 | J14: 21640 | K14: 0 | L14: Aktywny | N14: =tblKadry[[#This Row],[Wynagrodzenie_zasadnicze]]+tblKadry[[#This Row],[Dodatek_funkcyjny]] -> 21640 | O14: =IF(OR(tblKadry[[#This Row],[Wynagrodzenie_zasadnicze]]="",tblKadry[[#This Row],[Etat]]=0),"",tblKadry[[#This Row],[Wynagrodzenie_zasadnicze]]/tblKadry[[#This Row],[Etat]]) -> 21640 | P14: =IF(AND(tblKadry[[#This Row],[Status]]="Aktywny",tblKadry[[#This Row],[Data_zatrudnienia]]<=pDataRaportu),1,0) -> 1 | Q14: =IF(tblKadry[[#This Row],[Data_zatrudnienia]]>pDataRaportu,0,ROUND(YEARFRAC(tblKadry[[#This Row],[Data_zatrudnienia]],IF(tblKadry[[#This Row],[Data_zwolnienia]]="",pDataRaportu,tblKadry[[#This Row],[Data_zwolnienia]])),1)) -> 9.3 | R14: =tblKadry[[#This Row],[Brutto_mies]]*(1+pNarzut) -> 26396.472 | S14: =_xlfn.XLOOKUP(tblKadry[[#This Row],[Grupa]],tblWidelki[Grupa],tblWidelki[Środek],"") -> 20500 | T14: =IF(tblKadry[[#This Row],[Stawka_pełny_etat]]="","",tblKadry[[#This Row],[Stawka_pełny_etat]]/tblKadry[[#This Row],[Środek_widełek]]) -> 1.0556098 | U14: =IF(tblKadry[[#This Row],[Stawka_pełny_etat]]="","",IF(tblKadry[[#This Row],[Stawka_pełny_etat]]<_xlfn.XLOOKUP(tblKadry[[#This Row],[Grupa]],tblWidelki[Grupa],tblWidelki[Min]),"Poniżej",IF(tblKadry[[#This Row],[Stawka_pełny_etat]]>_xlfn.XLOOKUP(tblKadry[[#This Row],[Grupa]],tblWidelki[Grupa],tblWidelki[Max]),"Powyżej","W widełkach"))) -> W widełkach | V14: =_xlfn.TEXTJOIN("; ",TRUE,IF(COUNTIF(tblKadry[ID_Pracownika],tblKadry[[#This Row],[ID_Pracownika]])>1,"Duplikat ID",""),IF(tblKadry[[#This Row],[Dział]]="","Brak działu",""),IF(tblKadry[[#This Row],[Wynagrodzenie_zasadnicze]]="","Brak wynagrodzenia",""),IF(AND(tblKadry[[#This Row],[Wynagrodzenie_zasadnicze]]<>"",tblKadry[[#This Row],[Brutto_mies]]<pPlacaMin*tblKadry[[#This Row],[Etat]]),"Poniżej płacy minimalnej",""),IF(OR(tblKadry[[#This Row],[Etat]]<=0,tblKadry[[#This Row],[Etat]]>1),"Nieprawidłowy etat",""),IF(tblKadry[[#This Row],[Data_zatrudnienia]]>pDataRaportu,"Data zatrudnienia w przyszłości",""),IF(AND(tblKadry[[#This Row],[Status]]="Zwolniony",tblKadry[[#This Row],[Data_zwolnienia]]=""),"Brak daty zwolnienia",""),IF(AND(tblKadry[[#This Row],[Status]]="Aktywny",tblKadry[[#This Row],[Data_zwolnienia]]<>""),"Aktywny z datą zwolnienia",""),IF(AND(tblKadry[[#This Row],[Status]]="Aktywny",tblKadry[[#This Row],[Typ_umowy]]="Na czas określony",tblKadry[[#This Row],[Staż_lat]]>2.75),"Umowa terminowa > 33 mies. (art. 25¹ KP)",""),IF(AND(tblKadry[[#This Row],[Status]]="Aktywny",tblKadry[[#This Row],[Typ_umowy]]="Na okres próbny",tblKadry[[#This Row],[Staż_lat]]>0.25),"Okres próbny > 3 mies. (art. 25 KP)",""))
A15: P1132 | B15: Ustroń | C15: Chirurgia naczyniowa | D15: Lekarz specjalista | E15: G6 | F15: M | G15: 46109 | H15: Na okres próbny | I15: 1 | J15: 21170 | K15: 0 | L15: Zwolniony | M15: 46081 | N15: =tblKadry[[#This Row],[Wynagrodzenie_zasadnicze]]+tblKadry[[#This Row],[Dodatek_funkcyjny]] -> 21170 | O15: =IF(OR(tblKadry[[#This Row],[Wynagrodzenie_zasadnicze]]="",tblKadry[[#This Row],[Etat]]=0),"",tblKadry[[#This Row],[Wynagrodzenie_zasadnicze]]/tblKadry[[#This Row],[Etat]]) -> 21170 | P15: =IF(AND(tblKadry[[#This Row],[Status]]="Aktywny",tblKadry[[#This Row],[Data_zatrudnienia]]<=pDataRaportu),1,0) -> 0 | Q15: =IF(tblKadry[[#This Row],[Data_zatrudnienia]]>pDataRaportu,0,ROUND(YEARFRAC(tblKadry[[#This Row],[Data_zatrudnienia]],IF(tblKadry[[#This Row],[Data_zwolnienia]]="",pDataRaportu,tblKadry[[#This Row],[Data_zwolnienia]])),1)) -> 0.1 | R15: =tblKadry[[#This Row],[Brutto_mies]]*(1+pNarzut) -> 25823.166 | S15: =_xlfn.XLOOKUP(tblKadry[[#This Row],[Grupa]],tblWidelki[Grupa],tblWidelki[Środek],"") -> 20500 | T15: =IF(tblKadry[[#This Row],[Stawka_pełny_etat]]="","",tblKadry[[#This Row],[Stawka_pełny_etat]]/tblKadry[[#This Row],[Środek_widełek]]) -> 1.0326829 | U15: =IF(tblKadry[[#This Row],[Stawka_pełny_etat]]="","",IF(tblKadry[[#This Row],[Stawka_pełny_etat]]<_xlfn.XLOOKUP(tblKadry[[#This Row],[Grupa]],tblWidelki[Grupa],tblWidelki[Min]),"Poniżej",IF(tblKadry[[#This Row],[Stawka_pełny_etat]]>_xlfn.XLOOKUP(tblKadry[[#This Row],[Grupa]],tblWidelki[Grupa],tblWidelki[Max]),"Powyżej","W widełkach"))) -> W widełkach | V15: =_xlfn.TEXTJOIN("; ",TRUE,IF(COUNTIF(tblKadry[ID_Pracownika],tblKadry[[#This Row],[ID_Pracownika]])>1,"Duplikat ID",""),IF(tblKadry[[#This Row],[Dział]]="","Brak działu",""),IF(tblKadry[[#This Row],[Wynagrodzenie_zasadnicze]]="","Brak wynagrodzenia",""),IF(AND(tblKadry[[#This Row],[Wynagrodzenie_zasadnicze]]<>"",tblKadry[[#This Row],[Brutto_mies]]<pPlacaMin*tblKadry[[#This Row],[Etat]]),"Poniżej płacy minimalnej",""),IF(OR(tblKadry[[#This Row],[Etat]]<=0,tblKadry[[#This Row],[Etat]]>1),"Nieprawidłowy etat",""),IF(tblKadry[[#This Row],[Data_zatrudnienia]]>pDataRaportu,"Data zatrudnienia w przyszłości",""),IF(AND(tblKadry[[#This Row],[Status]]="Zwolniony",tblKadry[[#This Row],[Data_zwolnienia]]=""),"Brak daty zwolnienia",""),IF(AND(tblKadry[[#This Row],[Status]]="Aktywny",tblKadry[[#This Row],[Data_zwolnienia]]<>""),"Aktywny z datą zwolnienia",""),IF(AND(tblKadry[[#This Row],[Status]]="Aktywny",tblKadry[[#This Row],[Typ_umowy]]="Na czas określony",tblKadry[[#This Row],[Staż_lat]]>2.75),"Umowa terminowa > 33 mies. (art. 25¹ KP)",""),IF(AND(tblKadry[[#This Row],[Status]]="Aktywny",tblKadry[[#This Row],[Typ_umowy]]="Na okres próbny",tblKadry[[#This Row],[Staż_lat]]>0.25),"Okres próbny > 3 mies. (art. 25 KP)",""))
A16: P1161 | B16: Kraków | C16: Chirurgia naczyniowa | D16: Lekarz specjalista | E16: G6 | F16: M | G16: 42492 | H16: Na czas nieokreślony | I16: 0.75 | J16: 15728 | K16: 0 | L16: Aktywny | N16: =tblKadry[[#This Row],[Wynagrodzenie_zasadnicze]]+tblKadry[[#This Row],[Dodatek_funkcyjny]] -> 15728 | O16: =IF(OR(tblKadry[[#This Row],[Wynagrodzenie_zasadnicze]]="",tblKadry[[#This Row],[Etat]]=0),"",tblKadry[[#This Row],[Wynagrodzenie_zasadnicze]]/tblKadry[[#This Row],[Etat]]) -> 20970.667 | P16: =IF(AND(tblKadry[[#This Row],[Status]]="Aktywny",tblKadry[[#This Row],[Data_zatrudnienia]]<=pDataRaportu),1,0) -> 1 | Q16: =IF(tblKadry[[#This Row],[Data_zatrudnienia]]>pDataRaportu,0,ROUND(YEARFRAC(tblKadry[[#This Row],[Data_zatrudnienia]],IF(tblKadry[[#This Row],[Data_zwolnienia]]="",pDataRaportu,tblKadry[[#This Row],[Data_zwolnienia]])),1)) -> 10.4 | R16: =tblKadry[[#This Row],[Brutto_mies]]*(1+pNarzut) -> 19185.014 | S16: =_xlfn.XLOOKUP(tblKadry[[#This Row],[Grupa]],tblWidelki[Grupa],tblWidelki[Środek],"") -> 20500 | T16: =IF(tblKadry[[#This Row],[Stawka_pełny_etat]]="","",tblKadry[[#This Row],[Stawka_pełny_etat]]/tblKadry[[#This Row],[Środek_widełek]]) -> 1.0229593 | U16: =IF(tblKadry[[#This Row],[Stawka_pełny_etat]]="","",IF(tblKadry[[#This Row],[Stawka_pełny_etat]]<_xlfn.XLOOKUP(tblKadry[[#This Row],[Grupa]],tblWidelki[Grupa],tblWidelki[Min]),"Poniżej",IF(tblKadry[[#This Row],[Stawka_pełny_etat]]>_xlfn.XLOOKUP(tblKadry[[#This Row],[Grupa]],tblWidelki[Grupa],tblWidelki[Max]),"Powyżej","W widełkach"))) -> W widełkach | V16: =_xlfn.TEXTJOIN("; ",TRUE,IF(COUNTIF(tblKadry[ID_Pracownika],tblKadry[[#This Row],[ID_Pracownika]])>1,"Duplikat ID",""),IF(tblKadry[[#This Row],[Dział]]="","Brak działu",""),IF(tblKadry[[#This Row],[Wynagrodzenie_zasadnicze]]="","Brak wynagrodzenia",""),IF(AND(tblKadry[[#This Row],[Wynagrodzenie_zasadnicze]]<>"",tblKadry[[#This Row],[Brutto_mies]]<pPlacaMin*tblKadry[[#This Row],[Etat]]),"Poniżej płacy minimalnej",""),IF(OR(tblKadry[[#This Row],[Etat]]<=0,tblKadry[[#This Row],[Etat]]>1),"Nieprawidłowy etat",""),IF(tblKadry[[#This Row],[Data_zatrudnienia]]>pDataRaportu,"Data zatrudnienia w przyszłości",""),IF(AND(tblKadry[[#This Row],[Status]]="Zwolniony",tblKadry[[#This Row],[Data_zwolnienia]]=""),"Brak daty zwolnienia",""),IF(AND(tblKadry[[#This Row],[Status]]="Aktywny",tblKadry[[#This Row],[Data_zwolnienia]]<>""),"Aktywny z datą zwolnienia",""),IF(AND(tblKadry[[#This Row],[Status]]="Aktywny",tblKadry[[#This Row],[Typ_umowy]]="Na czas określony",tblKadry[[#This Row],[Staż_lat]]>2.75),"Umowa terminowa > 33 mies. (art. 25¹ KP)",""),IF(AND(tblKadry[[#This Row],[Status]]="Aktywny",tblKadry[[#This Row],[Typ_umowy]]="Na okres próbny",tblKadry[[#This Row],[Staż_lat]]>0.25),"Okres próbny > 3 mies. (art. 25 KP)",""))
A17: P1026 | B17: Katowice | C17: Kardiologia | D17: Lekarz specjalista | E17: G6 | F17: K | G17: 40787 | H17: Na czas nieokreślony | I17: 1 | J17: 20910 | K17: 0 | L17: Aktywny | N17: =tblKadry[[#This Row],[Wynagrodzenie_zasadnicze]]+tblKadry[[#This Row],[Dodatek_funkcyjny]] -> 20910 | O17: =IF(OR(tblKadry[[#This Row],[Wynagrodzenie_zasadnicze]]="",tblKadry[[#This Row],[Etat]]=0),"",tblKadry[[#This Row],[Wynagrodzenie_zasadnicze]]/tblKadry[[#This Row],[Etat]]) -> 20910 | P17: =IF(AND(tblKadry[[#This Row],[Status]]="Aktywny",tblKadry[[#This Row],[Data_zatrudnienia]]<=pDataRaportu),1,0) -> 1 | Q17: =IF(tblKadry[[#This Row],[Data_zatrudnienia]]>pDataRaportu,0,ROUND(YEARFRAC(tblKadry[[#This Row],[Data_zatrudnienia]],IF(tblKadry[[#This Row],[Data_zwolnienia]]="",pDataRaportu,tblKadry[[#This Row],[Data_zwolnienia]])),1)) -> 15.1 | R17: =tblKadry[[#This Row],[Brutto_mies]]*(1+pNarzut) -> 25506.018 | S17: =_xlfn.XLOOKUP(tblKadry[[#This Row],[Grupa]],tblWidelki[Grupa],tblWidelki[Środek],"") -> 20500 | T17: =IF(tblKadry[[#This Row],[Stawka_pełny_etat]]="","",tblKadry[[#This Row],[Stawka_pełny_etat]]/tblKadry[[#This Row],[Środek_widełek]]) -> 1.02 | U17: =IF(tblKadry[[#This Row],[Stawka_pełny_etat]]="","",IF(tblKadry[[#This Row],[Stawka_pełny_etat]]<_xlfn.XLOOKUP(tblKadry[[#This Row],[Grupa]],tblWidelki[Grupa],tblWidelki[Min]),"Poniżej",IF(tblKadry[[#This Row],[Stawka_pełny_etat]]>_xlfn.XLOOKUP(tblKadry[[#This Row],[Grupa]],tblWidelki[Grupa],tblWidelki[Max]),"Powyżej","W widełkach"))) -> W widełkach | V17: =_xlfn.TEXTJOIN("; ",TRUE,IF(COUNTIF(tblKadry[ID_Pracownika],tblKadry[[#This Row],[ID_Pracownika]])>1,"Duplikat ID",""),IF(tblKadry[[#This Row],[Dział]]="","Brak działu",""),IF(tblKadry[[#This Row],[Wynagrodzenie_zasadnicze]]="","Brak wynagrodzenia",""),IF(AND(tblKadry[[#This Row],[Wynagrodzenie_zasadnicze]]<>"",tblKadry[[#This Row],[Brutto_mies]]<pPlacaMin*tblKadry[[#This Row],[Etat]]),"Poniżej płacy minimalnej",""),IF(OR(tblKadry[[#This Row],[Etat]]<=0,tblKadry[[#This Row],[Etat]]>1),"Nieprawidłowy etat",""),IF(tblKadry[[#This Row],[Data_zatrudnienia]]>pDataRaportu,"Data zatrudnienia w przyszłości",""),IF(AND(tblKadry[[#This Row],[Status]]="Zwolniony",tblKadry[[#This Row],[Data_zwolnienia]]=""),"Brak daty zwolnienia",""),IF(AND(tblKadry[[#This Row],[Status]]="Aktywny",tblKadry[[#This Row],[Data_zwolnienia]]<>""),"Aktywny z datą zwolnienia",""),IF(AND(tblKadry[[#This Row],[Status]]="Aktywny",tblKadry[[#This Row],[Typ_umowy]]="Na czas określony",tblKadry[[#This Row],[Staż_lat]]>2.75),"Umowa terminowa > 33 mies. (art. 25¹ KP)",""),IF(AND(tblKadry[[#This Row],[Status]]="Aktywny",tblKadry[[#This Row],[Typ_umowy]]="Na okres próbny",tblKadry[[#This Row],[Staż_lat]]>0.25),"Okres próbny > 3 mies. (art. 25 KP)",""))
A18: P1078 | B18: Bielsko-Biała | C18: Kardiologia | D18: Lekarz kierujący oddziałem | E18: G6 | F18: M | G18: 44942 | H18: Na czas nieokreślony | I18: 1 | J18: 20840 | K18: 1500 | L18: Aktywny | N18: =tblKadry[[#This Row],[Wynagrodzenie_zasadnicze]]+tblKadry[[#This Row],[Dodatek_funkcyjny]] -> 22340 | O18: =IF(OR(tblKadry[[#This Row],[Wynagrodzenie_zasadnicze]]="",tblKadry[[#This Row],[Etat]]=0),"",tblKadry[[#This Row],[Wynagrodzenie_zasadnicze]]/tblKadry[[#This Row],[Etat]]) -> 20840 | P18: =IF(AND(tblKadry[[#This Row],[Status]]="Aktywny",tblKadry[[#This Row],[Data_zatrudnienia]]<=pDataRaportu),1,0) -> 1 | Q18: =IF(tblKadry[[#This Row],[Data_zatrudnienia]]>pDataRaportu,0,ROUND(YEARFRAC(tblKadry[[#This Row],[Data_zatrudnienia]],IF(tblKadry[[#This Row],[Data_zwolnienia]]="",pDataRaportu,tblKadry[[#This Row],[Data_zwolnienia]])),1)) -> 3.7 | R18: =tblKadry[[#This Row],[Brutto_mies]]*(1+pNarzut) -> 27250.332 | S18: =_xlfn.XLOOKUP(tblKadry[[#This Row],[Grupa]],tblWidelki[Grupa],tblWidelki[Środek],"") -> 20500 | T18: =IF(tblKadry[[#This Row],[Stawka_pełny_etat]]="","",tblKadry[[#This Row],[Stawka_pełny_etat]]/tblKadry[[#This Row],[Środek_widełek]]) -> 1.0165854 | U18: =IF(tblKadry[[#This Row],[Stawka_pełny_etat]]="","",IF(tblKadry[[#This Row],[Stawka_pełny_etat]]<_xlfn.XLOOKUP(tblKadry[[#This Row],[Grupa]],tblWidelki[Grupa],tblWidelki[Min]),"Poniżej",IF(tblKadry[[#This Row],[Stawka_pełny_etat]]>_xlfn.XLOOKUP(tblKadry[[#This Row],[Grupa]],tblWidelki[Grupa],tblWidelki[Max]),"Powyżej","W widełkach"))) -> W widełkach | V18: =_xlfn.TEXTJOIN("; ",TRUE,IF(COUNTIF(tblKadry[ID_Pracownika],tblKadry[[#This Row],[ID_Pracownika]])>1,"Duplikat ID",""),IF(tblKadry[[#This Row],[Dział]]="","Brak działu",""),IF(tblKadry[[#This Row],[Wynagrodzenie_zasadnicze]]="","Brak wynagrodzenia",""),IF(AND(tblKadry[[#This Row],[Wynagrodzenie_zasadnicze]]<>"",tblKadry[[#This Row],[Brutto_mies]]<pPlacaMin*tblKadry[[#This Row],[Etat]]),"Poniżej płacy minimalnej",""),IF(OR(tblKadry[[#This Row],[Etat]]<=0,tblKadry[[#This Row],[Etat]]>1),"Nieprawidłowy etat",""),IF(tblKadry[[#This Row],[Data_zatrudnienia]]>pDataRaportu,"Data zatrudnienia w przyszłości",""),IF(AND(tblKadry[[#This Row],[Status]]="Zwolniony",tblKadry[[#This Row],[Data_zwolnienia]]=""),"Brak daty zwolnienia",""),IF(AND(tblKadry[[#This Row],[Status]]="Aktywny",tblKadry[[#This Row],[Data_zwolnienia]]<>""),"Aktywny z datą zwolnienia",""),IF(AND(tblKadry[[#This Row],[Status]]="Aktywny",tblKadry[[#This Row],[Typ_umowy]]="Na czas określony",tblKadry[[#This Row],[Staż_lat]]>2.75),"Umowa terminowa > 33 mies. (art. 25¹ KP)",""),IF(AND(tblKadry[[#This Row],[Status]]="Aktywny",tblKadry[[#This Row],[Typ_umowy]]="Na okres próbny",tblKadry[[#This Row],[Staż_lat]]>0.25),"Okres próbny > 3 mies. (art. 25 KP)",""))
A19: P1061 | B19: Kraków | C19: Kardiologia | D19: Lekarz specjalista | E19: G6 | F19: M | G19: 45862 | H19: Na czas nieokreślony | I19: 0.75 | J19: 15548 | K19: 0 | L19: Aktywny | N19: =tblKadry[[#This Row],[Wynagrodzenie_zasadnicze]]+tblKadry[[#This Row],[Dodatek_funkcyjny]] -> 15548 | O19: =IF(OR(tblKadry[[#This Row],[Wynagrodzenie_zasadnicze]]="",tblKadry[[#This Row],[Etat]]=0),"",tblKadry[[#This Row],[Wynagrodzenie_zasadnicze]]/tblKadry[[#This Row],[Etat]]) -> 20730.667 | P19: =IF(AND(tblKadry[[#This Row],[Status]]="Aktywny",tblKadry[[#This Row],[Data_zatrudnienia]]<=pDataRaportu),1,0) -> 1 | Q19: =IF(tblKadry[[#This Row],[Data_zatrudnienia]]>pDataRaportu,0,ROUND(YEARFRAC(tblKadry[[#This Row],[Data_zatrudnienia]],IF(tblKadry[[#This Row],[Data_zwolnienia]]="",pDataRaportu,tblKadry[[#This Row],[Data_zwolnienia]])),1)) -> 1.2 | R19: =tblKadry[[#This Row],[Brutto_mies]]*(1+pNarzut) -> 18965.45 | S19: =_xlfn.XLOOKUP(tblKadry[[#This Row],[Grupa]],tblWidelki[Grupa],tblWidelki[Środek],"") -> 20500 | T19: =IF(tblKadry[[#This Row],[Stawka_pełny_etat]]="","",tblKadry[[#This Row],[Stawka_pełny_etat]]/tblKadry[[#This Row],[Środek_widełek]]) -> 1.011252 | U19: =IF(tblKadry[[#This Row],[Stawka_pełny_etat]]="","",IF(tblKadry[[#This Row],[Stawka_pełny_etat]]<_xlfn.XLOOKUP(tblKadry[[#This Row],[Grupa]],tblWidelki[Grupa],tblWidelki[Min]),"Poniżej",IF(tblKadry[[#This Row],[Stawka_pełny_etat]]>_xlfn.XLOOKUP(tblKadry[[#This Row],[Grupa]],tblWidelki[Grupa],tblWidelki[Max]),"Powyżej","W widełkach"))) -> W widełkach | V19: =_xlfn.TEXTJOIN("; ",TRUE,IF(COUNTIF(tblKadry[ID_Pracownika],tblKadry[[#This Row],[ID_Pracownika]])>1,"Duplikat ID",""),IF(tblKadry[[#This Row],[Dział]]="","Brak działu",""),IF(tblKadry[[#This Row],[Wynagrodzenie_zasadnicze]]="","Brak wynagrodzenia",""),IF(AND(tblKadry[[#This Row],[Wynagrodzenie_zasadnicze]]<>"",tblKadry[[#This Row],[Brutto_mies]]<pPlacaMin*tblKadry[[#This Row],[Etat]]),"Poniżej płacy minimalnej",""),IF(OR(tblKadry[[#This Row],[Etat]]<=0,tblKadry[[#This Row],[Etat]]>1),"Nieprawidłowy etat",""),IF(tblKadry[[#This Row],[Data_zatrudnienia]]>pDataRaportu,"Data zatrudnienia w przyszłości",""),IF(AND(tblKadry[[#This Row],[Status]]="Zwolniony",tblKadry[[#This Row],[Data_zwolnienia]]=""),"Brak daty zwolnienia",""),IF(AND(tblKadry[[#This Row],[Status]]="Aktywny",tblKadry[[#This Row],[Data_zwolnienia]]<>""),"Aktywny z datą zwolnienia",""),IF(AND(tblKadry[[#This Row],[Status]]="Aktywny",tblKadry[[#This Row],[Typ_umowy]]="Na czas określony",tblKadry[[#This Row],[Staż_lat]]>2.75),"Umowa terminowa > 33 mies. (art. 25¹ KP)",""),IF(AND(tblKadry[[#This Row],[Status]]="Aktywny",tblKadry[[#This Row],[Typ_umowy]]="Na okres próbny",tblKadry[[#This Row],[Staż_lat]]>0.25),"Okres próbny > 3 mies. (art. 25 KP)",""))
A20: P1178 | B20: Katowice | C20: Kardiochirurgia | D20: Lekarz specjalista | E20: G6 | F20: M | G20: 43876 | H20: Na czas nieokreślony | I20: 1 | J20: 20610 | K20: 0 | L20: Aktywny | N20: =tblKadry[[#This Row],[Wynagrodzenie_zasadnicze]]+tblKadry[[#This Row],[Dodatek_funkcyjny]] -> 20610 | O20: =IF(OR(tblKadry[[#This Row],[Wynagrodzenie_zasadnicze]]="",tblKadry[[#This Row],[Etat]]=0),"",tblKadry[[#This Row],[Wynagrodzenie_zasadnicze]]/tblKadry[[#This Row],[Etat]]) -> 20610 | P20: =IF(AND(tblKadry[[#This Row],[Status]]="Aktywny",tblKadry[[#This Row],[Data_zatrudnienia]]<=pDataRaportu),1,0) -> 1 | Q20: =IF(tblKadry[[#This Row],[Data_zatrudnienia]]>pDataRaportu,0,ROUND(YEARFRAC(tblKadry[[#This Row],[Data_zatrudnienia]],IF(tblKadry[[#This Row],[Data_zwolnienia]]="",pDataRaportu,tblKadry[[#This Row],[Data_zwolnienia]])),1)) -> 6.6 | R20: =tblKadry[[#This Row],[Brutto_mies]]*(1+pNarzut) -> 25140.078 | S20: =_xlfn.XLOOKUP(tblKadry[[#This Row],[Grupa]],tblWidelki[Grupa],tblWidelki[Środek],"") -> 20500 | T20: =IF(tblKadry[[#This Row],[Stawka_pełny_etat]]="","",tblKadry[[#This Row],[Stawka_pełny_etat]]/tblKadry[[#This Row],[Środek_widełek]]) -> 1.0053659 | U20: =IF(tblKadry[[#This Row],[Stawka_pełny_etat]]="","",IF(tblKadry[[#This Row],[Stawka_pełny_etat]]<_xlfn.XLOOKUP(tblKadry[[#This Row],[Grupa]],tblWidelki[Grupa],tblWidelki[Min]),"Poniżej",IF(tblKadry[[#This Row],[Stawka_pełny_etat]]>_xlfn.XLOOKUP(tblKadry[[#This Row],[Grupa]],tblWidelki[Grupa],tblWidelki[Max]),"Powyżej","W widełkach"))) -> W widełkach | V20: =_xlfn.TEXTJOIN("; ",TRUE,IF(COUNTIF(tblKadry[ID_Pracownika],tblKadry[[#This Row],[ID_Pracownika]])>1,"Duplikat ID",""),IF(tblKadry[[#This Row],[Dział]]="","Brak działu",""),IF(tblKadry[[#This Row],[Wynagrodzenie_zasadnicze]]="","Brak wynagrodzenia",""),IF(AND(tblKadry[[#This Row],[Wynagrodzenie_zasadnicze]]<>"",tblKadry[[#This Row],[Brutto_mies]]<pPlacaMin*tblKadry[[#This Row],[Etat]]),"Poniżej płacy minimalnej",""),IF(OR(tblKadry[[#This Row],[Etat]]<=0,tblKadry[[#This Row],[Etat]]>1),"Nieprawidłowy etat",""),IF(tblKadry[[#This Row],[Data_zatrudnienia]]>pDataRaportu,"Data zatrudnienia w przyszłości",""),IF(AND(tblKadry[[#This Row],[Status]]="Zwolniony",tblKadry[[#This Row],[Data_zwolnienia]]=""),"Brak daty zwolnienia",""),IF(AND(tblKadry[[#This Row],[Status]]="Aktywny",tblKadry[[#This Row],[Data_zwolnienia]]<>""),"Aktywny z datą zwolnienia",""),IF(AND(tblKadry[[#This Row],[Status]]="Aktywny",tblKadry[[#This Row],[Typ_umowy]]="Na czas określony",tblKadry[[#This Row],[Staż_lat]]>2.75),"Umowa terminowa > 33 mies. (art. 25¹ KP)",""),IF(AND(tblKadry[[#This Row],[Status]]="Aktywny",tblKadry[[#This Row],[Typ_umowy]]="Na okres próbny",tblKadry[[#This Row],[Staż_lat]]>0.25),"Okres próbny > 3 mies. (art. 25 KP)",""))
A21: P1043 | B21: Kraków | C21: Kardiologia | D21: Lekarz specjalista | E21: G6 | F21: M | G21: 45116 | H21: Na czas nieokreślony | I21: 1 | J21: 20470 | K21: 0 | L21: Aktywny | N21: =tblKadry[[#This Row],[Wynagrodzenie_zasadnicze]]+tblKadry[[#This Row],[Dodatek_funkcyjny]] -> 20470 | O21: =IF(OR(tblKadry[[#This Row],[Wynagrodzenie_zasadnicze]]="",tblKadry[[#This Row],[Etat]]=0),"",tblKadry[[#This Row],[Wynagrodzenie_zasadnicze]]/tblKadry[[#This Row],[Etat]]) -> 20470 | P21: =IF(AND(tblKadry[[#This Row],[Status]]="Aktywny",tblKadry[[#This Row],[Data_zatrudnienia]]<=pDataRaportu),1,0) -> 1 | Q21: =IF(tblKadry[[#This Row],[Data_zatrudnienia]]>pDataRaportu,0,ROUND(YEARFRAC(tblKadry[[#This Row],[Data_zatrudnienia]],IF(tblKadry[[#This Row],[Data_zwolnienia]]="",pDataRaportu,tblKadry[[#This Row],[Data_zwolnienia]])),1)) -> 3.2 | R21: =tblKadry[[#This Row],[Brutto_mies]]*(1+pNarzut) -> 24969.306 | S21: =_xlfn.XLOOKUP(tblKadry[[#This Row],[Grupa]],tblWidelki[Grupa],tblWidelki[Środek],"") -> 20500 | T21: =IF(tblKadry[[#This Row],[Stawka_pełny_etat]]="","",tblKadry[[#This Row],[Stawka_pełny_etat]]/tblKadry[[#This Row],[Środek_widełek]]) -> 0.99853659 | U21: =IF(tblKadry[[#This Row],[Stawka_pełny_etat]]="","",IF(tblKadry[[#This Row],[Stawka_pełny_etat]]<_xlfn.XLOOKUP(tblKadry[[#This Row],[Grupa]],tblWidelki[Grupa],tblWidelki[Min]),"Poniżej",IF(tblKadry[[#This Row],[Stawka_pełny_etat]]>_xlfn.XLOOKUP(tblKadry[[#This Row],[Grupa]],tblWidelki[Grupa],tblWidelki[Max]),"Powyżej","W widełkach"))) -> W widełkach | V21: =_xlfn.TEXTJOIN("; ",TRUE,IF(COUNTIF(tblKadry[ID_Pracownika],tblKadry[[#This Row],[ID_Pracownika]])>1,"Duplikat ID",""),IF(tblKadry[[#This Row],[Dział]]="","Brak działu",""),IF(tblKadry[[#This Row],[Wynagrodzenie_zasadnicze]]="","Brak wynagrodzenia",""),IF(AND(tblKadry[[#This Row],[Wynagrodzenie_zasadnicze]]<>"",tblKadry[[#This Row],[Brutto_mies]]<pPlacaMin*tblKadry[[#This Row],[Etat]]),"Poniżej płacy minimalnej",""),IF(OR(tblKadry[[#This Row],[Etat]]<=0,tblKadry[[#This Row],[Etat]]>1),"Nieprawidłowy etat",""),IF(tblKadry[[#This Row],[Data_zatrudnienia]]>pDataRaportu,"Data zatrudnienia w przyszłości",""),IF(AND(tblKadry[[#This Row],[Status]]="Zwolniony",tblKadry[[#This Row],[Data_zwolnienia]]=""),"Brak daty zwolnienia",""),IF(AND(tblKadry[[#This Row],[Status]]="Aktywny",tblKadry[[#This Row],[Data_zwolnienia]]<>""),"Aktywny z datą zwolnienia",""),IF(AND(tblKadry[[#This Row],[Status]]="Aktywny",tblKadry[[#This Row],[Typ_umowy]]="Na czas określony",tblKadry[[#This Row],[Staż_lat]]>2.75),"Umowa terminowa > 33 mies. (art. 25¹ KP)",""),IF(AND(tblKadry[[#This Row],[Status]]="Aktywny",tblKadry[[#This Row],[Typ_umowy]]="Na okres próbny",tblKadry[[#This Row],[Staż_lat]]>0.25),"Okres próbny > 3 mies. (art. 25 KP)",""))
A22: P1064 | B22: Katowice | C22: Kardiochirurgia | D22: Lekarz specjalista | E22: G6 | F22: K | G22: 43359 | H22: Na czas nieokreślony | I22: 1 | J22: 20430 | K22: 0 | L22: Aktywny | N22: =tblKadry[[#This Row],[Wynagrodzenie_zasadnicze]]+tblKadry[[#This Row],[Dodatek_funkcyjny]] -> 20430 | O22: =IF(OR(tblKadry[[#This Row],[Wynagrodzenie_zasadnicze]]="",tblKadry[[#This Row],[Etat]]=0),"",tblKadry[[#This Row],[Wynagrodzenie_zasadnicze]]/tblKadry[[#This Row],[Etat]]) -> 20430 | P22: =IF(AND(tblKadry[[#This Row],[Status]]="Aktywny",tblKadry[[#This Row],[Data_zatrudnienia]]<=pDataRaportu),1,0) -> 1 | Q22: =IF(tblKadry[[#This Row],[Data_zatrudnienia]]>pDataRaportu,0,ROUND(YEARFRAC(tblKadry[[#This Row],[Data_zatrudnienia]],IF(tblKadry[[#This Row],[Data_zwolnienia]]="",pDataRaportu,tblKadry[[#This Row],[Data_zwolnienia]])),1)) -> 8 | R22: =tblKadry[[#This Row],[Brutto_mies]]*(1+pNarzut) -> 24920.514 | S22: =_xlfn.XLOOKUP(tblKadry[[#This Row],[Grupa]],tblWidelki[Grupa],tblWidelki[Środek],"") -> 20500 | T22: =IF(tblKadry[[#This Row],[Stawka_pełny_etat]]="","",tblKadry[[#This Row],[Stawka_pełny_etat]]/tblKadry[[#This Row],[Środek_widełek]]) -> 0.99658537 | U22: =IF(tblKadry[[#This Row],[Stawka_pełny_etat]]="","",IF(tblKadry[[#This Row],[Stawka_pełny_etat]]<_xlfn.XLOOKUP(tblKadry[[#This Row],[Grupa]],tblWidelki[Grupa],tblWidelki[Min]),"Poniżej",IF(tblKadry[[#This Row],[Stawka_pełny_etat]]>_xlfn.XLOOKUP(tblKadry[[#This Row],[Grupa]],tblWidelki[Grupa],tblWidelki[Max]),"Powyżej","W widełkach"))) -> W widełkach | V22: =_xlfn.TEXTJOIN("; ",TRUE,IF(COUNTIF(tblKadry[ID_Pracownika],tblKadry[[#This Row],[ID_Pracownika]])>1,"Duplikat ID",""),IF(tblKadry[[#This Row],[Dział]]="","Brak działu",""),IF(tblKadry[[#This Row],[Wynagrodzenie_zasadnicze]]="","Brak wynagrodzenia",""),IF(AND(tblKadry[[#This Row],[Wynagrodzenie_zasadnicze]]<>"",tblKadry[[#This Row],[Brutto_mies]]<pPlacaMin*tblKadry[[#This Row],[Etat]]),"Poniżej płacy minimalnej",""),IF(OR(tblKadry[[#This Row],[Etat]]<=0,tblKadry[[#This Row],[Etat]]>1),"Nieprawidłowy etat",""),IF(tblKadry[[#This Row],[Data_zatrudnienia]]>pDataRaportu,"Data zatrudnienia w przyszłości",""),IF(AND(tblKadry[[#This Row],[Status]]="Zwolniony",tblKadry[[#This Row],[Data_zwolnienia]]=""),"Brak daty zwolnienia",""),IF(AND(tblKadry[[#This Row],[Status]]="Aktywny",tblKadry[[#This Row],[Data_zwolnienia]]<>""),"Aktywny z datą zwolnienia",""),IF(AND(tblKadry[[#This Row],[Status]]="Aktywny",tblKadry[[#This Row],[Typ_umowy]]="Na czas określony",tblKadry[[#This Row],[Staż_lat]]>2.75),"Umowa terminowa > 33 mies. (art. 25¹ KP)",""),IF(AND(tblKadry[[#This Row],[Status]]="Aktywny",tblKadry[[#This Row],[Typ_umowy]]="Na okres próbny",tblKadry[[#This Row],[Staż_lat]]>0.25),"Okres próbny > 3 mies. (art. 25 KP)",""))
A23: P1075 | B23: Katowice | C23: Kardiologia | D23: Lekarz specjalista | E23: G6 | F23: K | G23: 43051 | H23: Na czas nieokreślony | I23: 1 | J23: 20370 | K23: 0 | L23: Aktywny | N23: =tblKadry[[#This Row],[Wynagrodzenie_zasadnicze]]+tblKadry[[#This Row],[Dodatek_funkcyjny]] -> 20370 | O23: =IF(OR(tblKadry[[#This Row],[Wynagrodzenie_zasadnicze]]="",tblKadry[[#This Row],[Etat]]=0),"",tblKadry[[#This Row],[Wynagrodzenie_zasadnicze]]/tblKadry[[#This Row],[Etat]]) -> 20370 | P23: =IF(AND(tblKadry[[#This Row],[Status]]="Aktywny",tblKadry[[#This Row],[Data_zatrudnienia]]<=pDataRaportu),1,0) -> 1 | Q23: =IF(tblKadry[[#This Row],[Data_zatrudnienia]]>pDataRaportu,0,ROUND(YEARFRAC(tblKadry[[#This Row],[Data_zatrudnienia]],IF(tblKadry[[#This Row],[Data_zwolnienia]]="",pDataRaportu,tblKadry[[#This Row],[Data_zwolnienia]])),1)) -> 8.9 | R23: =tblKadry[[#This Row],[Brutto_mies]]*(1+pNarzut) -> 24847.326 | S23: =_xlfn.XLOOKUP(tblKadry[[#This Row],[Grupa]],tblWidelki[Grupa],tblWidelki[Środek],"") -> 20500 | T23: =IF(tblKadry[[#This Row],[Stawka_pełny_etat]]="","",tblKadry[[#This Row],[Stawka_pełny_etat]]/tblKadry[[#This Row],[Środek_widełek]]) -> 0.99365854 | U23: =IF(tblKadry[[#This Row],[Stawka_pełny_etat]]="","",IF(tblKadry[[#This Row],[Stawka_pełny_etat]]<_xlfn.XLOOKUP(tblKadry[[#This Row],[Grupa]],tblWidelki[Grupa],tblWidelki[Min]),"Poniżej",IF(tblKadry[[#This Row],[Stawka_pełny_etat]]>_xlfn.XLOOKUP(tblKadry[[#This Row],[Grupa]],tblWidelki[Grupa],tblWidelki[Max]),"Powyżej","W widełkach"))) -> W widełkach | V23: =_xlfn.TEXTJOIN("; ",TRUE,IF(COUNTIF(tblKadry[ID_Pracownika],tblKadry[[#This Row],[ID_Pracownika]])>1,"Duplikat ID",""),IF(tblKadry[[#This Row],[Dział]]="","Brak działu",""),IF(tblKadry[[#This Row],[Wynagrodzenie_zasadnicze]]="","Brak wynagrodzenia",""),IF(AND(tblKadry[[#This Row],[Wynagrodzenie_zasadnicze]]<>"",tblKadry[[#This Row],[Brutto_mies]]<pPlacaMin*tblKadry[[#This Row],[Etat]]),"Poniżej płacy minimalnej",""),IF(OR(tblKadry[[#This Row],[Etat]]<=0,tblKadry[[#This Row],[Etat]]>1),"Nieprawidłowy etat",""),IF(tblKadry[[#This Row],[Data_zatrudnienia]]>pDataRaportu,"Data zatrudnienia w przyszłości",""),IF(AND(tblKadry[[#This Row],[Status]]="Zwolniony",tblKadry[[#This Row],[Data_zwolnienia]]=""),"Brak daty zwolnienia",""),IF(AND(tblKadry[[#This Row],[Status]]="Aktywny",tblKadry[[#This Row],[Data_zwolnienia]]<>""),"Aktywny z datą zwolnienia",""),IF(AND(tblKadry[[#This Row],[Status]]="Aktywny",tblKadry[[#This Row],[Typ_umowy]]="Na czas określony",tblKadry[[#This Row],[Staż_lat]]>2.75),"Umowa terminowa > 33 mies. (art. 25¹ KP)",""),IF(AND(tblKadry[[#This Row],[Status]]="Aktywny",tblKadry[[#This Row],[Typ_umowy]]="Na okres próbny",tblKadry[[#This Row],[Staż_lat]]>0.25),"Okres próbny > 3 mies. (art. 25 KP)",""))
A24: P1100 | B24: Kraków | C24: Kardiologia | D24: Lekarz rezydent | E24: G5 | F24: M | G24: 43985 | H24: Na czas nieokreślony | I24: 1 | J24: 20170 | K24: 0 | L24: Aktywny | N24: =tblKadry[[#This Row],[Wynagrodzenie_zasadnicze]]+tblKadry[[#This Row],[Dodatek_funkcyjny]] -> 20170 | O24: =IF(OR(tblKadry[[#This Row],[Wynagrodzenie_zasadnicze]]="",tblKadry[[#This Row],[Etat]]=0),"",tblKadry[[#This Row],[Wynagrodzenie_zasadnicze]]/tblKadry[[#This Row],[Etat]]) -> 20170 | P24: =IF(AND(tblKadry[[#This Row],[Status]]="Aktywny",tblKadry[[#This Row],[Data_zatrudnienia]]<=pDataRaportu),1,0) -> 1 | Q24: =IF(tblKadry[[#This Row],[Data_zatrudnienia]]>pDataRaportu,0,ROUND(YEARFRAC(tblKadry[[#This Row],[Data_zatrudnienia]],IF(tblKadry[[#This Row],[Data_zwolnienia]]="",pDataRaportu,tblKadry[[#This Row],[Data_zwolnienia]])),1)) -> 6.3 | R24: =tblKadry[[#This Row],[Brutto_mies]]*(1+pNarzut) -> 24603.366 | S24: =_xlfn.XLOOKUP(tblKadry[[#This Row],[Grupa]],tblWidelki[Grupa],tblWidelki[Środek],"") -> 16000 | T24: =IF(tblKadry[[#This Row],[Stawka_pełny_etat]]="","",tblKadry[[#This Row],[Stawka_pełny_etat]]/tblKadry[[#This Row],[Środek_widełek]]) -> 1.260625 | U24: =IF(tblKadry[[#This Row],[Stawka_pełny_etat]]="","",IF(tblKadry[[#This Row],[Stawka_pełny_etat]]<_xlfn.XLOOKUP(tblKadry[[#This Row],[Grupa]],tblWidelki[Grupa],tblWidelki[Min]),"Poniżej",IF(tblKadry[[#This Row],[Stawka_pełny_etat]]>_xlfn.XLOOKUP(tblKadry[[#This Row],[Grupa]],tblWidelki[Grupa],tblWidelki[Max]),"Powyżej","W widełkach"))) -> Powyżej | V24: =_xlfn.TEXTJOIN("; ",TRUE,IF(COUNTIF(tblKadry[ID_Pracownika],tblKadry[[#This Row],[ID_Pracownika]])>1,"Duplikat ID",""),IF(tblKadry[[#This Row],[Dział]]="","Brak działu",""),IF(tblKadry[[#This Row],[Wynagrodzenie_zasadnicze]]="","Brak wynagrodzenia",""),IF(AND(tblKadry[[#This Row],[Wynagrodzenie_zasadnicze]]<>"",tblKadry[[#This Row],[Brutto_mies]]<pPlacaMin*tblKadry[[#This Row],[Etat]]),"Poniżej płacy minimalnej",""),IF(OR(tblKadry[[#This Row],[Etat]]<=0,tblKadry[[#This Row],[Etat]]>1),"Nieprawidłowy etat",""),IF(tblKadry[[#This Row],[Data_zatrudnienia]]>pDataRaportu,"Data zatrudnienia w przyszłości",""),IF(AND(tblKadry[[#This Row],[Status]]="Zwolniony",tblKadry[[#This Row],[Data_zwolnienia]]=""),"Brak daty zwolnienia",""),IF(AND(tblKadry[[#This Row],[Status]]="Aktywny",tblKadry[[#This Row],[Data_zwolnienia]]<>""),"Aktywny z datą zwolnienia",""),IF(AND(tblKadry[[#This Row],[Status]]="Aktywny",tblKadry[[#This Row],[Typ_umowy]]="Na czas określony",tblKadry[[#This Row],[Staż_lat]]>2.75),"Umowa terminowa > 33 mies. (art. 25¹ KP)",""),IF(AND(tblKadry[[#This Row],[Status]]="Aktywny",tblKadry[[#This Row],[Typ_umowy]]="Na okres próbny",tblKadry[[#This Row],[Staż_lat]]>0.25),"Okres próbny > 3 mies. (art. 25 KP)",""))
A25: P1084 | B25: Katowice | C25: Kardiologia | D25: Lekarz specjalista | E25: G6 | F25: K | G25: 45347 | H25: Na czas nieokreślony | I25: 0.5 | J25: 10025 | K25: 0 | L25: Aktywny | N25: =tblKadry[[#This Row],[Wynagrodzenie_zasadnicze]]+tblKadry[[#This Row],[Dodatek_funkcyjny]] -> 10025 | O25: =IF(OR(tblKadry[[#This Row],[Wynagrodzenie_zasadnicze]]="",tblKadry[[#This Row],[Etat]]=0),"",tblKadry[[#This Row],[Wynagrodzenie_zasadnicze]]/tblKadry[[#This Row],[Etat]]) -> 20050 | P25: =IF(AND(tblKadry[[#This Row],[Status]]="Aktywny",tblKadry[[#This Row],[Data_zatrudnienia]]<=pDataRaportu),1,0) -> 1 | Q25: =IF(tblKadry[[#This Row],[Data_zatrudnienia]]>pDataRaportu,0,ROUND(YEARFRAC(tblKadry[[#This Row],[Data_zatrudnienia]],IF(tblKadry[[#This Row],[Data_zwolnienia]]="",pDataRaportu,tblKadry[[#This Row],[Data_zwolnienia]])),1)) -> 2.6 | R25: =tblKadry[[#This Row],[Brutto_mies]]*(1+pNarzut) -> 12228.495 | S25: =_xlfn.XLOOKUP(tblKadry[[#This Row],[Grupa]],tblWidelki[Grupa],tblWidelki[Środek],"") -> 20500 | T25: =IF(tblKadry[[#This Row],[Stawka_pełny_etat]]="","",tblKadry[[#This Row],[Stawka_pełny_etat]]/tblKadry[[#This Row],[Środek_widełek]]) -> 0.97804878 | U25: =IF(tblKadry[[#This Row],[Stawka_pełny_etat]]="","",IF(tblKadry[[#This Row],[Stawka_pełny_etat]]<_xlfn.XLOOKUP(tblKadry[[#This Row],[Grupa]],tblWidelki[Grupa],tblWidelki[Min]),"Poniżej",IF(tblKadry[[#This Row],[Stawka_pełny_etat]]>_xlfn.XLOOKUP(tblKadry[[#This Row],[Grupa]],tblWidelki[Grupa],tblWidelki[Max]),"Powyżej","W widełkach"))) -> W widełkach | V25: =_xlfn.TEXTJOIN("; ",TRUE,IF(COUNTIF(tblKadry[ID_Pracownika],tblKadry[[#This Row],[ID_Pracownika]])>1,"Duplikat ID",""),IF(tblKadry[[#This Row],[Dział]]="","Brak działu",""),IF(tblKadry[[#This Row],[Wynagrodzenie_zasadnicze]]="","Brak wynagrodzenia",""),IF(AND(tblKadry[[#This Row],[Wynagrodzenie_zasadnicze]]<>"",tblKadry[[#This Row],[Brutto_mies]]<pPlacaMin*tblKadry[[#This Row],[Etat]]),"Poniżej płacy minimalnej",""),IF(OR(tblKadry[[#This Row],[Etat]]<=0,tblKadry[[#This Row],[Etat]]>1),"Nieprawidłowy etat",""),IF(tblKadry[[#This Row],[Data_zatrudnienia]]>pDataRaportu,"Data zatrudnienia w przyszłości",""),IF(AND(tblKadry[[#This Row],[Status]]="Zwolniony",tblKadry[[#This Row],[Data_zwolnienia]]=""),"Brak daty zwolnienia",""),IF(AND(tblKadry[[#This Row],[Status]]="Aktywny",tblKadry[[#This Row],[Data_zwolnienia]]<>""),"Aktywny z datą zwolnienia",""),IF(AND(tblKadry[[#This Row],[Status]]="Aktywny",tblKadry[[#This Row],[Typ_umowy]]="Na czas określony",tblKadry[[#This Row],[Staż_lat]]>2.75),"Umowa terminowa > 33 mies. (art. 25¹ KP)",""),IF(AND(tblKadry[[#This Row],[Status]]="Aktywny",tblKadry[[#This Row],[Typ_umowy]]="Na okres próbny",tblKadry[[#This Row],[Staż_lat]]>0.25),"Okres próbny > 3 mies. (art. 25 KP)",""))
A26: P1038 | B26: Katowice | C26: Kardiologia | D26: Lekarz kierujący oddziałem | E26: G6 | F26: M | G26: 46100 | H26: Na czas nieokreślony | I26: 1 | J26: 19980 | K26: 1500 | L26: Aktywny | N26: =tblKadry[[#This Row],[Wynagrodzenie_zasadnicze]]+tblKadry[[#This Row],[Dodatek_funkcyjny]] -> 21480 | O26: =IF(OR(tblKadry[[#This Row],[Wynagrodzenie_zasadnicze]]="",tblKadry[[#This Row],[Etat]]=0),"",tblKadry[[#This Row],[Wynagrodzenie_zasadnicze]]/tblKadry[[#This Row],[Etat]]) -> 19980 | P26: =IF(AND(tblKadry[[#This Row],[Status]]="Aktywny",tblKadry[[#This Row],[Data_zatrudnienia]]<=pDataRaportu),1,0) -> 1 | Q26: =IF(tblKadry[[#This Row],[Data_zatrudnienia]]>pDataRaportu,0,ROUND(YEARFRAC(tblKadry[[#This Row],[Data_zatrudnienia]],IF(tblKadry[[#This Row],[Data_zwolnienia]]="",pDataRaportu,tblKadry[[#This Row],[Data_zwolnienia]])),1)) -> 0.5 | R26: =tblKadry[[#This Row],[Brutto_mies]]*(1+pNarzut) -> 26201.304 | S26: =_xlfn.XLOOKUP(tblKadry[[#This Row],[Grupa]],tblWidelki[Grupa],tblWidelki[Środek],"") -> 20500 | T26: =IF(tblKadry[[#This Row],[Stawka_pełny_etat]]="","",tblKadry[[#This Row],[Stawka_pełny_etat]]/tblKadry[[#This Row],[Środek_widełek]]) -> 0.97463415 | U26: =IF(tblKadry[[#This Row],[Stawka_pełny_etat]]="","",IF(tblKadry[[#This Row],[Stawka_pełny_etat]]<_xlfn.XLOOKUP(tblKadry[[#This Row],[Grupa]],tblWidelki[Grupa],tblWidelki[Min]),"Poniżej",IF(tblKadry[[#This Row],[Stawka_pełny_etat]]>_xlfn.XLOOKUP(tblKadry[[#This Row],[Grupa]],tblWidelki[Grupa],tblWidelki[Max]),"Powyżej","W widełkach"))) -> W widełkach | V26: =_xlfn.TEXTJOIN("; ",TRUE,IF(COUNTIF(tblKadry[ID_Pracownika],tblKadry[[#This Row],[ID_Pracownika]])>1,"Duplikat ID",""),IF(tblKadry[[#This Row],[Dział]]="","Brak działu",""),IF(tblKadry[[#This Row],[Wynagrodzenie_zasadnicze]]="","Brak wynagrodzenia",""),IF(AND(tblKadry[[#This Row],[Wynagrodzenie_zasadnicze]]<>"",tblKadry[[#This Row],[Brutto_mies]]<pPlacaMin*tblKadry[[#This Row],[Etat]]),"Poniżej płacy minimalnej",""),IF(OR(tblKadry[[#This Row],[Etat]]<=0,tblKadry[[#This Row],[Etat]]>1),"Nieprawidłowy etat",""),IF(tblKadry[[#This Row],[Data_zatrudnienia]]>pDataRaportu,"Data zatrudnienia w przyszłości",""),IF(AND(tblKadry[[#This Row],[Status]]="Zwolniony",tblKadry[[#This Row],[Data_zwolnienia]]=""),"Brak daty zwolnienia",""),IF(AND(tblKadry[[#This Row],[Status]]="Aktywny",tblKadry[[#This Row],[Data_zwolnienia]]<>""),"Aktywny z datą zwolnienia",""),IF(AND(tblKadry[[#This Row],[Status]]="Aktywny",tblKadry[[#This Row],[Typ_umowy]]="Na czas określony",tblKadry[[#This Row],[Staż_lat]]>2.75),"Umowa terminowa > 33 mies. (art. 25¹ KP)",""),IF(AND(tblKadry[[#This Row],[Status]]="Aktywny",tblKadry[[#This Row],[Typ_umowy]]="Na okres próbny",tblKadry[[#This Row],[Staż_lat]]>0.25),"Okres próbny > 3 mies. (art. 25 KP)",""))
A27: P1103 | B27: Bielsko-Biała | C27: Kardiologia | D27: Lekarz specjalista | E27: G6 | F27: M | G27: 45526 | H27: Na czas nieokreślony | I27: 1 | J27: 19980 | K27: 0 | L27: Aktywny | N27: =tblKadry[[#This Row],[Wynagrodzenie_zasadnicze]]+tblKadry[[#This Row],[Dodatek_funkcyjny]] -> 19980 | O27: =IF(OR(tblKadry[[#This Row],[Wynagrodzenie_zasadnicze]]="",tblKadry[[#This Row],[Etat]]=0),"",tblKadry[[#This Row],[Wynagrodzenie_zasadnicze]]/tblKadry[[#This Row],[Etat]]) -> 19980 | P27: =IF(AND(tblKadry[[#This Row],[Status]]="Aktywny",tblKadry[[#This Row],[Data_zatrudnienia]]<=pDataRaportu),1,0) -> 1 | Q27: =IF(tblKadry[[#This Row],[Data_zatrudnienia]]>pDataRaportu,0,ROUND(YEARFRAC(tblKadry[[#This Row],[Data_zatrudnienia]],IF(tblKadry[[#This Row],[Data_zwolnienia]]="",pDataRaportu,tblKadry[[#This Row],[Data_zwolnienia]])),1)) -> 2.1 | R27: =tblKadry[[#This Row],[Brutto_mies]]*(1+pNarzut) -> 24371.604 | S27: =_xlfn.XLOOKUP(tblKadry[[#This Row],[Grupa]],tblWidelki[Grupa],tblWidelki[Środek],"") -> 20500 | T27: =IF(tblKadry[[#This Row],[Stawka_pełny_etat]]="","",tblKadry[[#This Row],[Stawka_pełny_etat]]/tblKadry[[#This Row],[Środek_widełek]]) -> 0.97463415 | U27: =IF(tblKadry[[#This Row],[Stawka_pełny_etat]]="","",IF(tblKadry[[#This Row],[Stawka_pełny_etat]]<_xlfn.XLOOKUP(tblKadry[[#This Row],[Grupa]],tblWidelki[Grupa],tblWidelki[Min]),"Poniżej",IF(tblKadry[[#This Row],[Stawka_pełny_etat]]>_xlfn.XLOOKUP(tblKadry[[#This Row],[Grupa]],tblWidelki[Grupa],tblWidelki[Max]),"Powyżej","W widełkach"))) -> W widełkach | V27: =_xlfn.TEXTJOIN("; ",TRUE,IF(COUNTIF(tblKadry[ID_Pracownika],tblKadry[[#This Row],[ID_Pracownika]])>1,"Duplikat ID",""),IF(tblKadry[[#This Row],[Dział]]="","Brak działu",""),IF(tblKadry[[#This Row],[Wynagrodzenie_zasadnicze]]="","Brak wynagrodzenia",""),IF(AND(tblKadry[[#This Row],[Wynagrodzenie_zasadnicze]]<>"",tblKadry[[#This Row],[Brutto_mies]]<pPlacaMin*tblKadry[[#This Row],[Etat]]),"Poniżej płacy minimalnej",""),IF(OR(tblKadry[[#This Row],[Etat]]<=0,tblKadry[[#This Row],[Etat]]>1),"Nieprawidłowy etat",""),IF(tblKadry[[#This Row],[Data_zatrudnienia]]>pDataRaportu,"Data zatrudnienia w przyszłości",""),IF(AND(tblKadry[[#This Row],[Status]]="Zwolniony",tblKadry[[#This Row],[Data_zwolnienia]]=""),"Brak daty zwolnienia",""),IF(AND(tblKadry[[#This Row],[Status]]="Aktywny",tblKadry[[#This Row],[Data_zwolnienia]]<>""),"Aktywny z datą zwolnienia",""),IF(AND(tblKadry[[#This Row],[Status]]="Aktywny",tblKadry[[#This Row],[Typ_umowy]]="Na czas określony",tblKadry[[#This Row],[Staż_lat]]>2.75),"Umowa terminowa > 33 mies. (art. 25¹ KP)",""),IF(AND(tblKadry[[#This Row],[Status]]="Aktywny",tblKadry[[#This Row],[Typ_umowy]]="Na okres próbny",tblKadry[[#This Row],[Staż_lat]]>0.25),"Okres próbny > 3 mies. (art. 25 KP)",""))
A28: P1027 | B28: Katowice | C28: Kardiochirurgia | D28: Lekarz rezydent | E28: G5 | F28: K | G28: 44937 | H28: Na czas nieokreślony | I28: 1 | J28: 19880 | K28: 0 | L28: Aktywny | N28: =tblKadry[[#This Row],[Wynagrodzenie_zasadnicze]]+tblKadry[[#This Row],[Dodatek_funkcyjny]] -> 19880 | O28: =IF(OR(tblKadry[[#This Row],[Wynagrodzenie_zasadnicze]]="",tblKadry[[#This Row],[Etat]]=0),"",tblKadry[[#This Row],[Wynagrodzenie_zasadnicze]]/tblKadry[[#This Row],[Etat]]) -> 19880 | P28: =IF(AND(tblKadry[[#This Row],[Status]]="Aktywny",tblKadry[[#This Row],[Data_zatrudnienia]]<=pDataRaportu),1,0) -> 1 | Q28: =IF(tblKadry[[#This Row],[Data_zatrudnienia]]>pDataRaportu,0,ROUND(YEARFRAC(tblKadry[[#This Row],[Data_zatrudnienia]],IF(tblKadry[[#This Row],[Data_zwolnienia]]="",pDataRaportu,tblKadry[[#This Row],[Data_zwolnienia]])),1)) -> 3.7 | R28: =tblKadry[[#This Row],[Brutto_mies]]*(1+pNarzut) -> 24249.624 | S28: =_xlfn.XLOOKUP(tblKadry[[#This Row],[Grupa]],tblWidelki[Grupa],tblWidelki[Środek],"") -> 16000 | T28: =IF(tblKadry[[#This Row],[Stawka_pełny_etat]]="","",tblKadry[[#This Row],[Stawka_pełny_etat]]/tblKadry[[#This Row],[Środek_widełek]]) -> 1.2425 | U28: =IF(tblKadry[[#This Row],[Stawka_pełny_etat]]="","",IF(tblKadry[[#This Row],[Stawka_pełny_etat]]<_xlfn.XLOOKUP(tblKadry[[#This Row],[Grupa]],tblWidelki[Grupa],tblWidelki[Min]),"Poniżej",IF(tblKadry[[#This Row],[Stawka_pełny_etat]]>_xlfn.XLOOKUP(tblKadry[[#This Row],[Grupa]],tblWidelki[Grupa],tblWidelki[Max]),"Powyżej","W widełkach"))) -> Powyżej | V28: =_xlfn.TEXTJOIN("; ",TRUE,IF(COUNTIF(tblKadry[ID_Pracownika],tblKadry[[#This Row],[ID_Pracownika]])>1,"Duplikat ID",""),IF(tblKadry[[#This Row],[Dział]]="","Brak działu",""),IF(tblKadry[[#This Row],[Wynagrodzenie_zasadnicze]]="","Brak wynagrodzenia",""),IF(AND(tblKadry[[#This Row],[Wynagrodzenie_zasadnicze]]<>"",tblKadry[[#This Row],[Brutto_mies]]<pPlacaMin*tblKadry[[#This Row],[Etat]]),"Poniżej płacy minimalnej",""),IF(OR(tblKadry[[#This Row],[Etat]]<=0,tblKadry[[#This Row],[Etat]]>1),"Nieprawidłowy etat",""),IF(tblKadry[[#This Row],[Data_zatrudnienia]]>pDataRaportu,"Data zatrudnienia w przyszłości",""),IF(AND(tblKadry[[#This Row],[Status]]="Zwolniony",tblKadry[[#This Row],[Data_zwolnienia]]=""),"Brak daty zwolnienia",""),IF(AND(tblKadry[[#This Row],[Status]]="Aktywny",tblKadry[[#This Row],[Data_zwolnienia]]<>""),"Aktywny z datą zwolnienia",""),IF(AND(tblKadry[[#This Row],[Status]]="Aktywny",tblKadry[[#This Row],[Typ_umowy]]="Na czas określony",tblKadry[[#This Row],[Staż_lat]]>2.75),"Umowa terminowa > 33 mies. (art. 25¹ KP)",""),IF(AND(tblKadry[[#This Row],[Status]]="Aktywny",tblKadry[[#This Row],[Typ_umowy]]="Na okres próbny",tblKadry[[#This Row],[Staż_lat]]>0.25),"Okres próbny > 3 mies. (art. 25 KP)",""))
A29: P1108 | B29: Kraków | C29: Kardiochirurgia | D29: Lekarz specjalista | E29: G6 | F29: M | G29: 44418 | H29: Na czas nieokreślony | I29: 1 | J29: 19830 | K29: 0 | L29: Zwolniony | M29: 46170 | N29: =tblKadry[[#This Row],[Wynagrodzenie_zasadnicze]]+tblKadry[[#This Row],[Dodatek_funkcyjny]] -> 19830 | O29: =IF(OR(tblKadry[[#This Row],[Wynagrodzenie_zasadnicze]]="",tblKadry[[#This Row],[Etat]]=0),"",tblKadry[[#This Row],[Wynagrodzenie_zasadnicze]]/tblKadry[[#This Row],[Etat]]) -> 19830 | P29: =IF(AND(tblKadry[[#This Row],[Status]]="Aktywny",tblKadry[[#This Row],[Data_zatrudnienia]]<=pDataRaportu),1,0) -> 0 | Q29: =IF(tblKadry[[#This Row],[Data_zatrudnienia]]>pDataRaportu,0,ROUND(YEARFRAC(tblKadry[[#This Row],[Data_zatrudnienia]],IF(tblKadry[[#This Row],[Data_zwolnienia]]="",pDataRaportu,tblKadry[[#This Row],[Data_zwolnienia]])),1)) -> 4.8 | R29: =tblKadry[[#This Row],[Brutto_mies]]*(1+pNarzut) -> 24188.634 | S29: =_xlfn.XLOOKUP(tblKadry[[#This Row],[Grupa]],tblWidelki[Grupa],tblWidelki[Środek],"") -> 20500 | T29: =IF(tblKadry[[#This Row],[Stawka_pełny_etat]]="","",tblKadry[[#This Row],[Stawka_pełny_etat]]/tblKadry[[#This Row],[Środek_widełek]]) -> 0.96731707 | U29: =IF(tblKadry[[#This Row],[Stawka_pełny_etat]]="","",IF(tblKadry[[#This Row],[Stawka_pełny_etat]]<_xlfn.XLOOKUP(tblKadry[[#This Row],[Grupa]],tblWidelki[Grupa],tblWidelki[Min]),"Poniżej",IF(tblKadry[[#This Row],[Stawka_pełny_etat]]>_xlfn.XLOOKUP(tblKadry[[#This Row],[Grupa]],tblWidelki[Grupa],tblWidelki[Max]),"Powyżej","W widełkach"))) -> W widełkach | V29: =_xlfn.TEXTJOIN("; ",TRUE,IF(COUNTIF(tblKadry[ID_Pracownika],tblKadry[[#This Row],[ID_Pracownika]])>1,"Duplikat ID",""),IF(tblKadry[[#This Row],[Dział]]="","Brak działu",""),IF(tblKadry[[#This Row],[Wynagrodzenie_zasadnicze]]="","Brak wynagrodzenia",""),IF(AND(tblKadry[[#This Row],[Wynagrodzenie_zasadnicze]]<>"",tblKadry[[#This Row],[Brutto_mies]]<pPlacaMin*tblKadry[[#This Row],[Etat]]),"Poniżej płacy minimalnej",""),IF(OR(tblKadry[[#This Row],[Etat]]<=0,tblKadry[[#This Row],[Etat]]>1),"Nieprawidłowy etat",""),IF(tblKadry[[#This Row],[Data_zatrudnienia]]>pDataRaportu,"Data zatrudnienia w przyszłości",""),IF(AND(tblKadry[[#This Row],[Status]]="Zwolniony",tblKadry[[#This Row],[Data_zwolnienia]]=""),"Brak daty zwolnienia",""),IF(AND(tblKadry[[#This Row],[Status]]="Aktywny",tblKadry[[#This Row],[Data_zwolnienia]]<>""),"Aktywny z datą zwolnienia",""),IF(AND(tblKadry[[#This Row],[Status]]="Aktywny",tblKadry[[#This Row],[Typ_umowy]]="Na czas określony",tblKadry[[#This Row],[Staż_lat]]>2.75),"Umowa terminowa > 33 mies. (art. 25¹ KP)",""),IF(AND(tblKadry[[#This Row],[Status]]="Aktywny",tblKadry[[#This Row],[Typ_umowy]]="Na okres próbny",tblKadry[[#This Row],[Staż_lat]]>0.25),"Okres próbny > 3 mies. (art. 25 KP)",""))
A30: P1118 | B30: Katowice | C30: Kardiochirurgia | D30: Lekarz specjalista | E30: G6 | F30: M | G30: 46061 | H30: Na okres próbny | I30: 1 | J30: 19770 | K30: 0 | L30: Aktywny | N30: =tblKadry[[#This Row],[Wynagrodzenie_zasadnicze]]+tblKadry[[#This Row],[Dodatek_funkcyjny]] -> 19770 | O30: =IF(OR(tblKadry[[#This Row],[Wynagrodzenie_zasadnicze]]="",tblKadry[[#This Row],[Etat]]=0),"",tblKadry[[#This Row],[Wynagrodzenie_zasadnicze]]/tblKadry[[#This Row],[Etat]]) -> 19770 | P30: =IF(AND(tblKadry[[#This Row],[Status]]="Aktywny",tblKadry[[#This Row],[Data_zatrudnienia]]<=pDataRaportu),1,0) -> 1 | Q30: =IF(tblKadry[[#This Row],[Data_zatrudnienia]]>pDataRaportu,0,ROUND(YEARFRAC(tblKadry[[#This Row],[Data_zatrudnienia]],IF(tblKadry[[#This Row],[Data_zwolnienia]]="",pDataRaportu,tblKadry[[#This Row],[Data_zwolnienia]])),1)) -> 0.6 | R30: =tblKadry[[#This Row],[Brutto_mies]]*(1+pNarzut) -> 24115.446 | S30: =_xlfn.XLOOKUP(tblKadry[[#This Row],[Grupa]],tblWidelki[Grupa],tblWidelki[Środek],"") -> 20500 | T30: =IF(tblKadry[[#This Row],[Stawka_pełny_etat]]="","",tblKadry[[#This Row],[Stawka_pełny_etat]]/tblKadry[[#This Row],[Środek_widełek]]) -> 0.96439024 | U30: =IF(tblKadry[[#This Row],[Stawka_pełny_etat]]="","",IF(tblKadry[[#This Row],[Stawka_pełny_etat]]<_xlfn.XLOOKUP(tblKadry[[#This Row],[Grupa]],tblWidelki[Grupa],tblWidelki[Min]),"Poniżej",IF(tblKadry[[#This Row],[Stawka_pełny_etat]]>_xlfn.XLOOKUP(tblKadry[[#This Row],[Grupa]],tblWidelki[Grupa],tblWidelki[Max]),"Powyżej","W widełkach"))) -> W widełkach | V30: =_xlfn.TEXTJOIN("; ",TRUE,IF(COUNTIF(tblKadry[ID_Pracownika],tblKadry[[#This Row],[ID_Pracownika]])>1,"Duplikat ID",""),IF(tblKadry[[#This Row],[Dział]]="","Brak działu",""),IF(tblKadry[[#This Row],[Wynagrodzenie_zasadnicze]]="","Brak wynagrodzenia",""),IF(AND(tblKadry[[#This Row],[Wynagrodzenie_zasadnicze]]<>"",tblKadry[[#This Row],[Brutto_mies]]<pPlacaMin*tblKadry[[#This Row],[Etat]]),"Poniżej płacy minimalnej",""),IF(OR(tblKadry[[#This Row],[Etat]]<=0,tblKadry[[#This Row],[Etat]]>1),"Nieprawidłowy etat",""),IF(tblKadry[[#This Row],[Data_zatrudnienia]]>pDataRaportu,"Data zatrudnienia w przyszłości",""),IF(AND(tblKadry[[#This Row],[Status]]="Zwolniony",tblKadry[[#This Row],[Data_zwolnienia]]=""),"Brak daty zwolnienia",""),IF(AND(tblKadry[[#This Row],[Status]]="Aktywny",tblKadry[[#This Row],[Data_zwolnienia]]<>""),"Aktywny z datą zwolnienia",""),IF(AND(tblKadry[[#This Row],[Status]]="Aktywny",tblKadry[[#This Row],[Typ_umowy]]="Na czas określony",tblKadry[[#This Row],[Staż_lat]]>2.75),"Umowa terminowa > 33 mies. (art. 25¹ KP)",""),IF(AND(tblKadry[[#This Row],[Status]]="Aktywny",tblKadry[[#This Row],[Typ_umowy]]="Na okres próbny",tblKadry[[#This Row],[Staż_lat]]>0.25),"Okres próbny > 3 mies. (art. 25 KP)","")) -> Okres próbny > 3 mies. (art. 25 KP)
A31: P1101 | B31: Ustroń | C31: Kardiologia | D31: Lekarz kierujący oddziałem | E31: G6 | F31: K | G31: 44154 | H31: Na czas nieokreślony | I31: 1 | J31: 19730 | K31: 1000 | L31: Aktywny | N31: =tblKadry[[#This Row],[Wynagrodzenie_zasadnicze]]+tblKadry[[#This Row],[Dodatek_funkcyjny]] -> 20730 | O31: =IF(OR(tblKadry[[#This Row],[Wynagrodzenie_zasadnicze]]="",tblKadry[[#This Row],[Etat]]=0),"",tblKadry[[#This Row],[Wynagrodzenie_zasadnicze]]/tblKadry[[#This Row],[Etat]]) -> 19730 | P31: =IF(AND(tblKadry[[#This Row],[Status]]="Aktywny",tblKadry[[#This Row],[Data_zatrudnienia]]<=pDataRaportu),1,0) -> 1 | Q31: =IF(tblKadry[[#This Row],[Data_zatrudnienia]]>pDataRaportu,0,ROUND(YEARFRAC(tblKadry[[#This Row],[Data_zatrudnienia]],IF(tblKadry[[#This Row],[Data_zwolnienia]]="",pDataRaportu,tblKadry[[#This Row],[Data_zwolnienia]])),1)) -> 5.9 | R31: =tblKadry[[#This Row],[Brutto_mies]]*(1+pNarzut) -> 25286.454 | S31: =_xlfn.XLOOKUP(tblKadry[[#This Row],[Grupa]],tblWidelki[Grupa],tblWidelki[Środek],"") -> 20500 | T31: =IF(tblKadry[[#This Row],[Stawka_pełny_etat]]="","",tblKadry[[#This Row],[Stawka_pełny_etat]]/tblKadry[[#This Row],[Środek_widełek]]) -> 0.96243902 | U31: =IF(tblKadry[[#This Row],[Stawka_pełny_etat]]="","",IF(tblKadry[[#This Row],[Stawka_pełny_etat]]<_xlfn.XLOOKUP(tblKadry[[#This Row],[Grupa]],tblWidelki[Grupa],tblWidelki[Min]),"Poniżej",IF(tblKadry[[#This Row],[Stawka_pełny_etat]]>_xlfn.XLOOKUP(tblKadry[[#This Row],[Grupa]],tblWidelki[Grupa],tblWidelki[Max]),"Powyżej","W widełkach"))) -> W widełkach | V31: =_xlfn.TEXTJOIN("; ",TRUE,IF(COUNTIF(tblKadry[ID_Pracownika],tblKadry[[#This Row],[ID_Pracownika]])>1,"Duplikat ID",""),IF(tblKadry[[#This Row],[Dział]]="","Brak działu",""),IF(tblKadry[[#This Row],[Wynagrodzenie_zasadnicze]]="","Brak wynagrodzenia",""),IF(AND(tblKadry[[#This Row],[Wynagrodzenie_zasadnicze]]<>"",tblKadry[[#This Row],[Brutto_mies]]<pPlacaMin*tblKadry[[#This Row],[Etat]]),"Poniżej płacy minimalnej",""),IF(OR(tblKadry[[#This Row],[Etat]]<=0,tblKadry[[#This Row],[Etat]]>1),"Nieprawidłowy etat",""),IF(tblKadry[[#This Row],[Data_zatrudnienia]]>pDataRaportu,"Data zatrudnienia w przyszłości",""),IF(AND(tblKadry[[#This Row],[Status]]="Zwolniony",tblKadry[[#This Row],[Data_zwolnienia]]=""),"Brak daty zwolnienia",""),IF(AND(tblKadry[[#This Row],[Status]]="Aktywny",tblKadry[[#This Row],[Data_zwolnienia]]<>""),"Aktywny z datą zwolnienia",""),IF(AND(tblKadry[[#This Row],[Status]]="Aktywny",tblKadry[[#This Row],[Typ_umowy]]="Na czas określony",tblKadry[[#This Row],[Staż_lat]]>2.75),"Umowa terminowa > 33 mies. (art. 25¹ KP)",""),IF(AND(tblKadry[[#This Row],[Status]]="Aktywny",tblKadry[[#This Row],[Typ_umowy]]="Na okres próbny",tblKadry[[#This Row],[Staż_lat]]>0.25),"Okres próbny > 3 mies. (art. 25 KP)",""))
A32: P1030 | B32: Bielsko-Biała | C32: Kardiologia | D32: Lekarz specjalista | E32: G6 | F32: K | G32: 44170 | H32: Na czas nieokreślony | I32: 1 | J32: 19240 | K32: 0 | L32: Aktywny | N32: =tblKadry[[#This Row],[Wynagrodzenie_zasadnicze]]+tblKadry[[#This Row],[Dodatek_funkcyjny]] -> 19240 | O32: =IF(OR(tblKadry[[#This Row],[Wynagrodzenie_zasadnicze]]="",tblKadry[[#This Row],[Etat]]=0),"",tblKadry[[#This Row],[Wynagrodzenie_zasadnicze]]/tblKadry[[#This Row],[Etat]]) -> 19240 | P32: =IF(AND(tblKadry[[#This Row],[Status]]="Aktywny",tblKadry[[#This Row],[Data_zatrudnienia]]<=pDataRaportu),1,0) -> 1 | Q32: =IF(tblKadry[[#This Row],[Data_zatrudnienia]]>pDataRaportu,0,ROUND(YEARFRAC(tblKadry[[#This Row],[Data_zatrudnienia]],IF(tblKadry[[#This Row],[Data_zwolnienia]]="",pDataRaportu,tblKadry[[#This Row],[Data_zwolnienia]])),1)) -> 5.8 | R32: =tblKadry[[#This Row],[Brutto_mies]]*(1+pNarzut) -> 23468.952 | S32: =_xlfn.XLOOKUP(tblKadry[[#This Row],[Grupa]],tblWidelki[Grupa],tblWidelki[Środek],"") -> 20500 | T32: =IF(tblKadry[[#This Row],[Stawka_pełny_etat]]="","",tblKadry[[#This Row],[Stawka_pełny_etat]]/tblKadry[[#This Row],[Środek_widełek]]) -> 0.93853659 | U32: =IF(tblKadry[[#This Row],[Stawka_pełny_etat]]="","",IF(tblKadry[[#This Row],[Stawka_pełny_etat]]<_xlfn.XLOOKUP(tblKadry[[#This Row],[Grupa]],tblWidelki[Grupa],tblWidelki[Min]),"Poniżej",IF(tblKadry[[#This Row],[Stawka_pełny_etat]]>_xlfn.XLOOKUP(tblKadry[[#This Row],[Grupa]],tblWidelki[Grupa],tblWidelki[Max]),"Powyżej","W widełkach"))) -> W widełkach | V32: =_xlfn.TEXTJOIN("; ",TRUE,IF(COUNTIF(tblKadry[ID_Pracownika],tblKadry[[#This Row],[ID_Pracownika]])>1,"Duplikat ID",""),IF(tblKadry[[#This Row],[Dział]]="","Brak działu",""),IF(tblKadry[[#This Row],[Wynagrodzenie_zasadnicze]]="","Brak wynagrodzenia",""),IF(AND(tblKadry[[#This Row],[Wynagrodzenie_zasadnicze]]<>"",tblKadry[[#This Row],[Brutto_mies]]<pPlacaMin*tblKadry[[#This Row],[Etat]]),"Poniżej płacy minimalnej",""),IF(OR(tblKadry[[#This Row],[Etat]]<=0,tblKadry[[#This Row],[Etat]]>1),"Nieprawidłowy etat",""),IF(tblKadry[[#This Row],[Data_zatrudnienia]]>pDataRaportu,"Data zatrudnienia w przyszłości",""),IF(AND(tblKadry[[#This Row],[Status]]="Zwolniony",tblKadry[[#This Row],[Data_zwolnienia]]=""),"Brak daty zwolnienia",""),IF(AND(tblKadry[[#This Row],[Status]]="Aktywny",tblKadry[[#This Row],[Data_zwolnienia]]<>""),"Aktywny z datą zwolnienia",""),IF(AND(tblKadry[[#This Row],[Status]]="Aktywny",tblKadry[[#This Row],[Typ_umowy]]="Na czas określony",tblKadry[[#This Row],[Staż_lat]]>2.75),"Umowa terminowa > 33 mies. (art. 25¹ KP)",""),IF(AND(tblKadry[[#This Row],[Status]]="Aktywny",tblKadry[[#This Row],[Typ_umowy]]="Na okres próbny",tblKadry[[#This Row],[Staż_lat]]>0.25),"Okres próbny > 3 mies. (art. 25 KP)",""))
A33: P1123 | B33: Katowice | C33: Chirurgia naczyniowa | D33: Lekarz specjalista | E33: G6 | F33: M | G33: 44827 | H33: Na czas nieokreślony | I33: 1 | J33: 19180 | K33: 0 | L33: Aktywny | N33: =tblKadry[[#This Row],[Wynagrodzenie_zasadnicze]]+tblKadry[[#This Row],[Dodatek_funkcyjny]] -> 19180 | O33: =IF(OR(tblKadry[[#This Row],[Wynagrodzenie_zasadnicze]]="",tblKadry[[#This Row],[Etat]]=0),"",tblKadry[[#This Row],[Wynagrodzenie_zasadnicze]]/tblKadry[[#This Row],[Etat]]) -> 19180 | P33: =IF(AND(tblKadry[[#This Row],[Status]]="Aktywny",tblKadry[[#This Row],[Data_zatrudnienia]]<=pDataRaportu),1,0) -> 1 | Q33: =IF(tblKadry[[#This Row],[Data_zatrudnienia]]>pDataRaportu,0,ROUND(YEARFRAC(tblKadry[[#This Row],[Data_zatrudnienia]],IF(tblKadry[[#This Row],[Data_zwolnienia]]="",pDataRaportu,tblKadry[[#This Row],[Data_zwolnienia]])),1)) -> 4 | R33: =tblKadry[[#This Row],[Brutto_mies]]*(1+pNarzut) -> 23395.764 | S33: =_xlfn.XLOOKUP(tblKadry[[#This Row],[Grupa]],tblWidelki[Grupa],tblWidelki[Środek],"") -> 20500 | T33: =IF(tblKadry[[#This Row],[Stawka_pełny_etat]]="","",tblKadry[[#This Row],[Stawka_pełny_etat]]/tblKadry[[#This Row],[Środek_widełek]]) -> 0.93560976 | U33: =IF(tblKadry[[#This Row],[Stawka_pełny_etat]]="","",IF(tblKadry[[#This Row],[Stawka_pełny_etat]]<_xlfn.XLOOKUP(tblKadry[[#This Row],[Grupa]],tblWidelki[Grupa],tblWidelki[Min]),"Poniżej",IF(tblKadry[[#This Row],[Stawka_pełny_etat]]>_xlfn.XLOOKUP(tblKadry[[#This Row],[Grupa]],tblWidelki[Grupa],tblWidelki[Max]),"Powyżej","W widełkach"))) -> W widełkach | V33: =_xlfn.TEXTJOIN("; ",TRUE,IF(COUNTIF(tblKadry[ID_Pracownika],tblKadry[[#This Row],[ID_Pracownika]])>1,"Duplikat ID",""),IF(tblKadry[[#This Row],[Dział]]="","Brak działu",""),IF(tblKadry[[#This Row],[Wynagrodzenie_zasadnicze]]="","Brak wynagrodzenia",""),IF(AND(tblKadry[[#This Row],[Wynagrodzenie_zasadnicze]]<>"",tblKadry[[#This Row],[Brutto_mies]]<pPlacaMin*tblKadry[[#This Row],[Etat]]),"Poniżej płacy minimalnej",""),IF(OR(tblKadry[[#This Row],[Etat]]<=0,tblKadry[[#This Row],[Etat]]>1),"Nieprawidłowy etat",""),IF(tblKadry[[#This Row],[Data_zatrudnienia]]>pDataRaportu,"Data zatrudnienia w przyszłości",""),IF(AND(tblKadry[[#This Row],[Status]]="Zwolniony",tblKadry[[#This Row],[Data_zwolnienia]]=""),"Brak daty zwolnienia",""),IF(AND(tblKadry[[#This Row],[Status]]="Aktywny",tblKadry[[#This Row],[Data_zwolnienia]]<>""),"Aktywny z datą zwolnienia",""),IF(AND(tblKadry[[#This Row],[Status]]="Aktywny",tblKadry[[#This Row],[Typ_umowy]]="Na czas określony",tblKadry[[#This Row],[Staż_lat]]>2.75),"Umowa terminowa > 33 mies. (art. 25¹ KP)",""),IF(AND(tblKadry[[#This Row],[Status]]="Aktywny",tblKadry[[#This Row],[Typ_umowy]]="Na okres próbny",tblKadry[[#This Row],[Staż_lat]]>0.25),"Okres próbny > 3 mies. (art. 25 KP)",""))
A34: P1081 | B34: Ustroń | C34: Kardiologia | D34: Lekarz specjalista | E34: G6 | F34: M | G34: 46106 | H34: Na czas nieokreślony | I34: 1 | J34: 18680 | K34: 0 | L34: Aktywny | N34: =tblKadry[[#This Row],[Wynagrodzenie_zasadnicze]]+tblKadry[[#This Row],[Dodatek_funkcyjny]] -> 18680 | O34: =IF(OR(tblKadry[[#This Row],[Wynagrodzenie_zasadnicze]]="",tblKadry[[#This Row],[Etat]]=0),"",tblKadry[[#This Row],[Wynagrodzenie_zasadnicze]]/tblKadry[[#This Row],[Etat]]) -> 18680 | P34: =IF(AND(tblKadry[[#This Row],[Status]]="Aktywny",tblKadry[[#This Row],[Data_zatrudnienia]]<=pDataRaportu),1,0) -> 1 | Q34: =IF(tblKadry[[#This Row],[Data_zatrudnienia]]>pDataRaportu,0,ROUND(YEARFRAC(tblKadry[[#This Row],[Data_zatrudnienia]],IF(tblKadry[[#This Row],[Data_zwolnienia]]="",pDataRaportu,tblKadry[[#This Row],[Data_zwolnienia]])),1)) -> 0.5 | R34: =tblKadry[[#This Row],[Brutto_mies]]*(1+pNarzut) -> 22785.864 | S34: =_xlfn.XLOOKUP(tblKadry[[#This Row],[Grupa]],tblWidelki[Grupa],tblWidelki[Środek],"") -> 20500 | T34: =IF(tblKadry[[#This Row],[Stawka_pełny_etat]]="","",tblKadry[[#This Row],[Stawka_pełny_etat]]/tblKadry[[#This Row],[Środek_widełek]]) -> 0.91121951 | U34: =IF(tblKadry[[#This Row],[Stawka_pełny_etat]]="","",IF(tblKadry[[#This Row],[Stawka_pełny_etat]]<_xlfn.XLOOKUP(tblKadry[[#This Row],[Grupa]],tblWidelki[Grupa],tblWidelki[Min]),"Poniżej",IF(tblKadry[[#This Row],[Stawka_pełny_etat]]>_xlfn.XLOOKUP(tblKadry[[#This Row],[Grupa]],tblWidelki[Grupa],tblWidelki[Max]),"Powyżej","W widełkach"))) -> W widełkach | V34: =_xlfn.TEXTJOIN("; ",TRUE,IF(COUNTIF(tblKadry[ID_Pracownika],tblKadry[[#This Row],[ID_Pracownika]])>1,"Duplikat ID",""),IF(tblKadry[[#This Row],[Dział]]="","Brak działu",""),IF(tblKadry[[#This Row],[Wynagrodzenie_zasadnicze]]="","Brak wynagrodzenia",""),IF(AND(tblKadry[[#This Row],[Wynagrodzenie_zasadnicze]]<>"",tblKadry[[#This Row],[Brutto_mies]]<pPlacaMin*tblKadry[[#This Row],[Etat]]),"Poniżej płacy minimalnej",""),IF(OR(tblKadry[[#This Row],[Etat]]<=0,tblKadry[[#This Row],[Etat]]>1),"Nieprawidłowy etat",""),IF(tblKadry[[#This Row],[Data_zatrudnienia]]>pDataRaportu,"Data zatrudnienia w przyszłości",""),IF(AND(tblKadry[[#This Row],[Status]]="Zwolniony",tblKadry[[#This Row],[Data_zwolnienia]]=""),"Brak daty zwolnienia",""),IF(AND(tblKadry[[#This Row],[Status]]="Aktywny",tblKadry[[#This Row],[Data_zwolnienia]]<>""),"Aktywny z datą zwolnienia",""),IF(AND(tblKadry[[#This Row],[Status]]="Aktywny",tblKadry[[#This Row],[Typ_umowy]]="Na czas określony",tblKadry[[#This Row],[Staż_lat]]>2.75),"Umowa terminowa > 33 mies. (art. 25¹ KP)",""),IF(AND(tblKadry[[#This Row],[Status]]="Aktywny",tblKadry[[#This Row],[Typ_umowy]]="Na okres próbny",tblKadry[[#This Row],[Staż_lat]]>0.25),"Okres próbny > 3 mies. (art. 25 KP)",""))
A35: P1036 | B35: Bielsko-Biała | C35: Kardiochirurgia | D35: Lekarz specjalista | E35: G6 | F35: M | G35: 46231 | H35: Na czas nieokreślony | I35: 1 | J35: 18580 | K35: 0 | L35: Aktywny | N35: =tblKadry[[#This Row],[Wynagrodzenie_zasadnicze]]+tblKadry[[#This Row],[Dodatek_funkcyjny]] -> 18580 | O35: =IF(OR(tblKadry[[#This Row],[Wynagrodzenie_zasadnicze]]="",tblKadry[[#This Row],[Etat]]=0),"",tblKadry[[#This Row],[Wynagrodzenie_zasadnicze]]/tblKadry[[#This Row],[Etat]]) -> 18580 | P35: =IF(AND(tblKadry[[#This Row],[Status]]="Aktywny",tblKadry[[#This Row],[Data_zatrudnienia]]<=pDataRaportu),1,0) -> 1 | Q35: =IF(tblKadry[[#This Row],[Data_zatrudnienia]]>pDataRaportu,0,ROUND(YEARFRAC(tblKadry[[#This Row],[Data_zatrudnienia]],IF(tblKadry[[#This Row],[Data_zwolnienia]]="",pDataRaportu,tblKadry[[#This Row],[Data_zwolnienia]])),1)) -> 0.2 | R35: =tblKadry[[#This Row],[Brutto_mies]]*(1+pNarzut) -> 22663.884 | S35: =_xlfn.XLOOKUP(tblKadry[[#This Row],[Grupa]],tblWidelki[Grupa],tblWidelki[Środek],"") -> 20500 | T35: =IF(tblKadry[[#This Row],[Stawka_pełny_etat]]="","",tblKadry[[#This Row],[Stawka_pełny_etat]]/tblKadry[[#This Row],[Środek_widełek]]) -> 0.90634146 | U35: =IF(tblKadry[[#This Row],[Stawka_pełny_etat]]="","",IF(tblKadry[[#This Row],[Stawka_pełny_etat]]<_xlfn.XLOOKUP(tblKadry[[#This Row],[Grupa]],tblWidelki[Grupa],tblWidelki[Min]),"Poniżej",IF(tblKadry[[#This Row],[Stawka_pełny_etat]]>_xlfn.XLOOKUP(tblKadry[[#This Row],[Grupa]],tblWidelki[Grupa],tblWidelki[Max]),"Powyżej","W widełkach"))) -> W widełkach | V35: =_xlfn.TEXTJOIN("; ",TRUE,IF(COUNTIF(tblKadry[ID_Pracownika],tblKadry[[#This Row],[ID_Pracownika]])>1,"Duplikat ID",""),IF(tblKadry[[#This Row],[Dział]]="","Brak działu",""),IF(tblKadry[[#This Row],[Wynagrodzenie_zasadnicze]]="","Brak wynagrodzenia",""),IF(AND(tblKadry[[#This Row],[Wynagrodzenie_zasadnicze]]<>"",tblKadry[[#This Row],[Brutto_mies]]<pPlacaMin*tblKadry[[#This Row],[Etat]]),"Poniżej płacy minimalnej",""),IF(OR(tblKadry[[#This Row],[Etat]]<=0,tblKadry[[#This Row],[Etat]]>1),"Nieprawidłowy etat",""),IF(tblKadry[[#This Row],[Data_zatrudnienia]]>pDataRaportu,"Data zatrudnienia w przyszłości",""),IF(AND(tblKadry[[#This Row],[Status]]="Zwolniony",tblKadry[[#This Row],[Data_zwolnienia]]=""),"Brak daty zwolnienia",""),IF(AND(tblKadry[[#This Row],[Status]]="Aktywny",tblKadry[[#This Row],[Data_zwolnienia]]<>""),"Aktywny z datą zwolnienia",""),IF(AND(tblKadry[[#This Row],[Status]]="Aktywny",tblKadry[[#This Row],[Typ_umowy]]="Na czas określony",tblKadry[[#This Row],[Staż_lat]]>2.75),"Umowa terminowa > 33 mies. (art. 25¹ KP)",""),IF(AND(tblKadry[[#This Row],[Status]]="Aktywny",tblKadry[[#This Row],[Typ_umowy]]="Na okres próbny",tblKadry[[#This Row],[Staż_lat]]>0.25),"Okres próbny > 3 mies. (art. 25 KP)",""))
A36: P1074 | B36: Kraków | C36: Kardiochirurgia | D36: Lekarz rezydent | E36: G5 | F36: M | G36: 41916 | H36: Na czas nieokreślony | I36: 1 | J36: 18230 | K36: 0 | L36: Aktywny | N36: =tblKadry[[#This Row],[Wynagrodzenie_zasadnicze]]+tblKadry[[#This Row],[Dodatek_funkcyjny]] -> 18230 | O36: =IF(OR(tblKadry[[#This Row],[Wynagrodzenie_zasadnicze]]="",tblKadry[[#This Row],[Etat]]=0),"",tblKadry[[#This Row],[Wynagrodzenie_zasadnicze]]/tblKadry[[#This Row],[Etat]]) -> 18230 | P36: =IF(AND(tblKadry[[#This Row],[Status]]="Aktywny",tblKadry[[#This Row],[Data_zatrudnienia]]<=pDataRaportu),1,0) -> 1 | Q36: =IF(tblKadry[[#This Row],[Data_zatrudnienia]]>pDataRaportu,0,ROUND(YEARFRAC(tblKadry[[#This Row],[Data_zatrudnienia]],IF(tblKadry[[#This Row],[Data_zwolnienia]]="",pDataRaportu,tblKadry[[#This Row],[Data_zwolnienia]])),1)) -> 12 | R36: =tblKadry[[#This Row],[Brutto_mies]]*(1+pNarzut) -> 22236.954 | S36: =_xlfn.XLOOKUP(tblKadry[[#This Row],[Grupa]],tblWidelki[Grupa],tblWidelki[Środek],"") -> 16000 | T36: =IF(tblKadry[[#This Row],[Stawka_pełny_etat]]="","",tblKadry[[#This Row],[Stawka_pełny_etat]]/tblKadry[[#This Row],[Środek_widełek]]) -> 1.139375 | U36: =IF(tblKadry[[#This Row],[Stawka_pełny_etat]]="","",IF(tblKadry[[#This Row],[Stawka_pełny_etat]]<_xlfn.XLOOKUP(tblKadry[[#This Row],[Grupa]],tblWidelki[Grupa],tblWidelki[Min]),"Poniżej",IF(tblKadry[[#This Row],[Stawka_pełny_etat]]>_xlfn.XLOOKUP(tblKadry[[#This Row],[Grupa]],tblWidelki[Grupa],tblWidelki[Max]),"Powyżej","W widełkach"))) -> W widełkach | V36: =_xlfn.TEXTJOIN("; ",TRUE,IF(COUNTIF(tblKadry[ID_Pracownika],tblKadry[[#This Row],[ID_Pracownika]])>1,"Duplikat ID",""),IF(tblKadry[[#This Row],[Dział]]="","Brak działu",""),IF(tblKadry[[#This Row],[Wynagrodzenie_zasadnicze]]="","Brak wynagrodzenia",""),IF(AND(tblKadry[[#This Row],[Wynagrodzenie_zasadnicze]]<>"",tblKadry[[#This Row],[Brutto_mies]]<pPlacaMin*tblKadry[[#This Row],[Etat]]),"Poniżej płacy minimalnej",""),IF(OR(tblKadry[[#This Row],[Etat]]<=0,tblKadry[[#This Row],[Etat]]>1),"Nieprawidłowy etat",""),IF(tblKadry[[#This Row],[Data_zatrudnienia]]>pDataRaportu,"Data zatrudnienia w przyszłości",""),IF(AND(tblKadry[[#This Row],[Status]]="Zwolniony",tblKadry[[#This Row],[Data_zwolnienia]]=""),"Brak daty zwolnienia",""),IF(AND(tblKadry[[#This Row],[Status]]="Aktywny",tblKadry[[#This Row],[Data_zwolnienia]]<>""),"Aktywny z datą zwolnienia",""),IF(AND(tblKadry[[#This Row],[Status]]="Aktywny",tblKadry[[#This Row],[Typ_umowy]]="Na czas określony",tblKadry[[#This Row],[Staż_lat]]>2.75),"Umowa terminowa > 33 mies. (art. 25¹ KP)",""),IF(AND(tblKadry[[#This Row],[Status]]="Aktywny",tblKadry[[#This Row],[Typ_umowy]]="Na okres próbny",tblKadry[[#This Row],[Staż_lat]]>0.25),"Okres próbny > 3 mies. (art. 25 KP)",""))
A37: P1096 | B37: Kraków | C37: Kardiologia | D37: Lekarz kierujący oddziałem | E37: G6 | F37: K | G37: 46071 | H37: Na czas określony | I37: 1 | J37: 17970 | K37: 1000 | L37: Zwolniony | M37: 46201 | N37: =tblKadry[[#This Row],[Wynagrodzenie_zasadnicze]]+tblKadry[[#This Row],[Dodatek_funkcyjny]] -> 18970 | O37: =IF(OR(tblKadry[[#This Row],[Wynagrodzenie_zasadnicze]]="",tblKadry[[#This Row],[Etat]]=0),"",tblKadry[[#This Row],[Wynagrodzenie_zasadnicze]]/tblKadry[[#This Row],[Etat]]) -> 17970 | P37: =IF(AND(tblKadry[[#This Row],[Status]]="Aktywny",tblKadry[[#This Row],[Data_zatrudnienia]]<=pDataRaportu),1,0) -> 0 | Q37: =IF(tblKadry[[#This Row],[Data_zatrudnienia]]>pDataRaportu,0,ROUND(YEARFRAC(tblKadry[[#This Row],[Data_zatrudnienia]],IF(tblKadry[[#This Row],[Data_zwolnienia]]="",pDataRaportu,tblKadry[[#This Row],[Data_zwolnienia]])),1)) -> 0.4 | R37: =tblKadry[[#This Row],[Brutto_mies]]*(1+pNarzut) -> 23139.606 | S37: =_xlfn.XLOOKUP(tblKadry[[#This Row],[Grupa]],tblWidelki[Grupa],tblWidelki[Środek],"") -> 20500 | T37: =IF(tblKadry[[#This Row],[Stawka_pełny_etat]]="","",tblKadry[[#This Row],[Stawka_pełny_etat]]/tblKadry[[#This Row],[Środek_widełek]]) -> 0.87658537 | U37: =IF(tblKadry[[#This Row],[Stawka_pełny_etat]]="","",IF(tblKadry[[#This Row],[Stawka_pełny_etat]]<_xlfn.XLOOKUP(tblKadry[[#This Row],[Grupa]],tblWidelki[Grupa],tblWidelki[Min]),"Poniżej",IF(tblKadry[[#This Row],[Stawka_pełny_etat]]>_xlfn.XLOOKUP(tblKadry[[#This Row],[Grupa]],tblWidelki[Grupa],tblWidelki[Max]),"Powyżej","W widełkach"))) -> W widełkach | V37: =_xlfn.TEXTJOIN("; ",TRUE,IF(COUNTIF(tblKadry[ID_Pracownika],tblKadry[[#This Row],[ID_Pracownika]])>1,"Duplikat ID",""),IF(tblKadry[[#This Row],[Dział]]="","Brak działu",""),IF(tblKadry[[#This Row],[Wynagrodzenie_zasadnicze]]="","Brak wynagrodzenia",""),IF(AND(tblKadry[[#This Row],[Wynagrodzenie_zasadnicze]]<>"",tblKadry[[#This Row],[Brutto_mies]]<pPlacaMin*tblKadry[[#This Row],[Etat]]),"Poniżej płacy minimalnej",""),IF(OR(tblKadry[[#This Row],[Etat]]<=0,tblKadry[[#This Row],[Etat]]>1),"Nieprawidłowy etat",""),IF(tblKadry[[#This Row],[Data_zatrudnienia]]>pDataRaportu,"Data zatrudnienia w przyszłości",""),IF(AND(tblKadry[[#This Row],[Status]]="Zwolniony",tblKadry[[#This Row],[Data_zwolnienia]]=""),"Brak daty zwolnienia",""),IF(AND(tblKadry[[#This Row],[Status]]="Aktywny",tblKadry[[#This Row],[Data_zwolnienia]]<>""),"Aktywny z datą zwolnienia",""),IF(AND(tblKadry[[#This Row],[Status]]="Aktywny",tblKadry[[#This Row],[Typ_umowy]]="Na czas określony",tblKadry[[#This Row],[Staż_lat]]>2.75),"Umowa terminowa > 33 mies. (art. 25¹ KP)",""),IF(AND(tblKadry[[#This Row],[Status]]="Aktywny",tblKadry[[#This Row],[Typ_umowy]]="Na okres próbny",tblKadry[[#This Row],[Staż_lat]]>0.25),"Okres próbny > 3 mies. (art. 25 KP)",""))
A38: P1098 | B38: Ustroń | C38: Kardiologia | D38: Lekarz rezydent | E38: G5 | F38: M | G38: 42301 | H38: Na czas nieokreślony | I38: 0.5 | J38: 8890 | K38: 0 | L38: Aktywny | N38: =tblKadry[[#This Row],[Wynagrodzenie_zasadnicze]]+tblKadry[[#This Row],[Dodatek_funkcyjny]] -> 8890 | O38: =IF(OR(tblKadry[[#This Row],[Wynagrodzenie_zasadnicze]]="",tblKadry[[#This Row],[Etat]]=0),"",tblKadry[[#This Row],[Wynagrodzenie_zasadnicze]]/tblKadry[[#This Row],[Etat]]) -> 17780 | P38: =IF(AND(tblKadry[[#This Row],[Status]]="Aktywny",tblKadry[[#This Row],[Data_zatrudnienia]]<=pDataRaportu),1,0) -> 1 | Q38: =IF(tblKadry[[#This Row],[Data_zatrudnienia]]>pDataRaportu,0,ROUND(YEARFRAC(tblKadry[[#This Row],[Data_zatrudnienia]],IF(tblKadry[[#This Row],[Data_zwolnienia]]="",pDataRaportu,tblKadry[[#This Row],[Data_zwolnienia]])),1)) -> 10.9 | R38: =tblKadry[[#This Row],[Brutto_mies]]*(1+pNarzut) -> 10844.022 | S38: =_xlfn.XLOOKUP(tblKadry[[#This Row],[Grupa]],tblWidelki[Grupa],tblWidelki[Środek],"") -> 16000 | T38: =IF(tblKadry[[#This Row],[Stawka_pełny_etat]]="","",tblKadry[[#This Row],[Stawka_pełny_etat]]/tblKadry[[#This Row],[Środek_widełek]]) -> 1.11125 | U38: =IF(tblKadry[[#This Row],[Stawka_pełny_etat]]="","",IF(tblKadry[[#This Row],[Stawka_pełny_etat]]<_xlfn.XLOOKUP(tblKadry[[#This Row],[Grupa]],tblWidelki[Grupa],tblWidelki[Min]),"Poniżej",IF(tblKadry[[#This Row],[Stawka_pełny_etat]]>_xlfn.XLOOKUP(tblKadry[[#This Row],[Grupa]],tblWidelki[Grupa],tblWidelki[Max]),"Powyżej","W widełkach"))) -> W widełkach | V38: =_xlfn.TEXTJOIN("; ",TRUE,IF(COUNTIF(tblKadry[ID_Pracownika],tblKadry[[#This Row],[ID_Pracownika]])>1,"Duplikat ID",""),IF(tblKadry[[#This Row],[Dział]]="","Brak działu",""),IF(tblKadry[[#This Row],[Wynagrodzenie_zasadnicze]]="","Brak wynagrodzenia",""),IF(AND(tblKadry[[#This Row],[Wynagrodzenie_zasadnicze]]<>"",tblKadry[[#This Row],[Brutto_mies]]<pPlacaMin*tblKadry[[#This Row],[Etat]]),"Poniżej płacy minimalnej",""),IF(OR(tblKadry[[#This Row],[Etat]]<=0,tblKadry[[#This Row],[Etat]]>1),"Nieprawidłowy etat",""),IF(tblKadry[[#This Row],[Data_zatrudnienia]]>pDataRaportu,"Data zatrudnienia w przyszłości",""),IF(AND(tblKadry[[#This Row],[Status]]="Zwolniony",tblKadry[[#This Row],[Data_zwolnienia]]=""),"Brak daty zwolnienia",""),IF(AND(tblKadry[[#This Row],[Status]]="Aktywny",tblKadry[[#This Row],[Data_zwolnienia]]<>""),"Aktywny z datą zwolnienia",""),IF(AND(tblKadry[[#This Row],[Status]]="Aktywny",tblKadry[[#This Row],[Typ_umowy]]="Na czas określony",tblKadry[[#This Row],[Staż_lat]]>2.75),"Umowa terminowa > 33 mies. (art. 25¹ KP)",""),IF(AND(tblKadry[[#This Row],[Status]]="Aktywny",tblKadry[[#This Row],[Typ_umowy]]="Na okres próbny",tblKadry[[#This Row],[Staż_lat]]>0.25),"Okres próbny > 3 mies. (art. 25 KP)",""))
A39: P1117 | B39: Ustroń | C39: Chirurgia naczyniowa | D39: Lekarz rezydent | E39: G5 | F39: K | G39: 45224 | H39: Na czas nieokreślony | I39: 1 | J39: 16100 | K39: 0 | L39: Aktywny | N39: =tblKadry[[#This Row],[Wynagrodzenie_zasadnicze]]+tblKadry[[#This Row],[Dodatek_funkcyjny]] -> 16100 | O39: =IF(OR(tblKadry[[#This Row],[Wynagrodzenie_zasadnicze]]="",tblKadry[[#This Row],[Etat]]=0),"",tblKadry[[#This Row],[Wynagrodzenie_zasadnicze]]/tblKadry[[#This Row],[Etat]]) -> 16100 | P39: =IF(AND(tblKadry[[#This Row],[Status]]="Aktywny",tblKadry[[#This Row],[Data_zatrudnienia]]<=pDataRaportu),1,0) -> 1 | Q39: =IF(tblKadry[[#This Row],[Data_zatrudnienia]]>pDataRaportu,0,ROUND(YEARFRAC(tblKadry[[#This Row],[Data_zatrudnienia]],IF(tblKadry[[#This Row],[Data_zwolnienia]]="",pDataRaportu,tblKadry[[#This Row],[Data_zwolnienia]])),1)) -> 2.9 | R39: =tblKadry[[#This Row],[Brutto_mies]]*(1+pNarzut) -> 19638.78 | S39: =_xlfn.XLOOKUP(tblKadry[[#This Row],[Grupa]],tblWidelki[Grupa],tblWidelki[Środek],"") -> 16000 | T39: =IF(tblKadry[[#This Row],[Stawka_pełny_etat]]="","",tblKadry[[#This Row],[Stawka_pełny_etat]]/tblKadry[[#This Row],[Środek_widełek]]) -> 1.00625 | U39: =IF(tblKadry[[#This Row],[Stawka_pełny_etat]]="","",IF(tblKadry[[#This Row],[Stawka_pełny_etat]]<_xlfn.XLOOKUP(tblKadry[[#This Row],[Grupa]],tblWidelki[Grupa],tblWidelki[Min]),"Poniżej",IF(tblKadry[[#This Row],[Stawka_pełny_etat]]>_xlfn.XLOOKUP(tblKadry[[#This Row],[Grupa]],tblWidelki[Grupa],tblWidelki[Max]),"Powyżej","W widełkach"))) -> W widełkach | V39: =_xlfn.TEXTJOIN("; ",TRUE,IF(COUNTIF(tblKadry[ID_Pracownika],tblKadry[[#This Row],[ID_Pracownika]])>1,"Duplikat ID",""),IF(tblKadry[[#This Row],[Dział]]="","Brak działu",""),IF(tblKadry[[#This Row],[Wynagrodzenie_zasadnicze]]="","Brak wynagrodzenia",""),IF(AND(tblKadry[[#This Row],[Wynagrodzenie_zasadnicze]]<>"",tblKadry[[#This Row],[Brutto_mies]]<pPlacaMin*tblKadry[[#This Row],[Etat]]),"Poniżej płacy minimalnej",""),IF(OR(tblKadry[[#This Row],[Etat]]<=0,tblKadry[[#This Row],[Etat]]>1),"Nieprawidłowy etat",""),IF(tblKadry[[#This Row],[Data_zatrudnienia]]>pDataRaportu,"Data zatrudnienia w przyszłości",""),IF(AND(tblKadry[[#This Row],[Status]]="Zwolniony",tblKadry[[#This Row],[Data_zwolnienia]]=""),"Brak daty zwolnienia",""),IF(AND(tblKadry[[#This Row],[Status]]="Aktywny",tblKadry[[#This Row],[Data_zwolnienia]]<>""),"Aktywny z datą zwolnienia",""),IF(AND(tblKadry[[#This Row],[Status]]="Aktywny",tblKadry[[#This Row],[Typ_umowy]]="Na czas określony",tblKadry[[#This Row],[Staż_lat]]>2.75),"Umowa terminowa > 33 mies. (art. 25¹ KP)",""),IF(AND(tblKadry[[#This Row],[Status]]="Aktywny",tblKadry[[#This Row],[Typ_umowy]]="Na okres próbny",tblKadry[[#This Row],[Staż_lat]]>0.25),"Okres próbny > 3 mies. (art. 25 KP)",""))
A40: P1048 | B40: Katowice | C40: Kardiologia | D40: Lekarz rezydent | E40: G5 | F40: K | G40: 45188 | H40: Na czas nieokreślony | I40: 1 | J40: 16000 | K40: 0 | L40: Aktywny | N40: =tblKadry[[#This Row],[Wynagrodzenie_zasadnicze]]+tblKadry[[#This Row],[Dodatek_funkcyjny]] -> 16000 | O40: =IF(OR(tblKadry[[#This Row],[Wynagrodzenie_zasadnicze]]="",tblKadry[[#This Row],[Etat]]=0),"",tblKadry[[#This Row],[Wynagrodzenie_zasadnicze]]/tblKadry[[#This Row],[Etat]]) -> 16000 | P40: =IF(AND(tblKadry[[#This Row],[Status]]="Aktywny",tblKadry[[#This Row],[Data_zatrudnienia]]<=pDataRaportu),1,0) -> 1 | Q40: =IF(tblKadry[[#This Row],[Data_zatrudnienia]]>pDataRaportu,0,ROUND(YEARFRAC(tblKadry[[#This Row],[Data_zatrudnienia]],IF(tblKadry[[#This Row],[Data_zwolnienia]]="",pDataRaportu,tblKadry[[#This Row],[Data_zwolnienia]])),1)) -> 3 | R40: =tblKadry[[#This Row],[Brutto_mies]]*(1+pNarzut) -> 19516.8 | S40: =_xlfn.XLOOKUP(tblKadry[[#This Row],[Grupa]],tblWidelki[Grupa],tblWidelki[Środek],"") -> 16000 | T40: =IF(tblKadry[[#This Row],[Stawka_pełny_etat]]="","",tblKadry[[#This Row],[Stawka_pełny_etat]]/tblKadry[[#This Row],[Środek_widełek]]) -> 1 | U40: =IF(tblKadry[[#This Row],[Stawka_pełny_etat]]="","",IF(tblKadry[[#This Row],[Stawka_pełny_etat]]<_xlfn.XLOOKUP(tblKadry[[#This Row],[Grupa]],tblWidelki[Grupa],tblWidelki[Min]),"Poniżej",IF(tblKadry[[#This Row],[Stawka_pełny_etat]]>_xlfn.XLOOKUP(tblKadry[[#This Row],[Grupa]],tblWidelki[Grupa],tblWidelki[Max]),"Powyżej","W widełkach"))) -> W widełkach | V40: =_xlfn.TEXTJOIN("; ",TRUE,IF(COUNTIF(tblKadry[ID_Pracownika],tblKadry[[#This Row],[ID_Pracownika]])>1,"Duplikat ID",""),IF(tblKadry[[#This Row],[Dział]]="","Brak działu",""),IF(tblKadry[[#This Row],[Wynagrodzenie_zasadnicze]]="","Brak wynagrodzenia",""),IF(AND(tblKadry[[#This Row],[Wynagrodzenie_zasadnicze]]<>"",tblKadry[[#This Row],[Brutto_mies]]<pPlacaMin*tblKadry[[#This Row],[Etat]]),"Poniżej płacy minimalnej",""),IF(OR(tblKadry[[#This Row],[Etat]]<=0,tblKadry[[#This Row],[Etat]]>1),"Nieprawidłowy etat",""),IF(tblKadry[[#This Row],[Data_zatrudnienia]]>pDataRaportu,"Data zatrudnienia w przyszłości",""),IF(AND(tblKadry[[#This Row],[Status]]="Zwolniony",tblKadry[[#This Row],[Data_zwolnienia]]=""),"Brak daty zwolnienia",""),IF(AND(tblKadry[[#This Row],[Status]]="Aktywny",tblKadry[[#This Row],[Data_zwolnienia]]<>""),"Aktywny z datą zwolnienia",""),IF(AND(tblKadry[[#This Row],[Status]]="Aktywny",tblKadry[[#This Row],[Typ_umowy]]="Na czas określony",tblKadry[[#This Row],[Staż_lat]]>2.75),"Umowa terminowa > 33 mies. (art. 25¹ KP)",""),IF(AND(tblKadry[[#This Row],[Status]]="Aktywny",tblKadry[[#This Row],[Typ_umowy]]="Na okres próbny",tblKadry[[#This Row],[Staż_lat]]>0.25),"Okres próbny > 3 mies. (art. 25 KP)",""))
A41: P1072 | B41: Katowice | C41: Chirurgia naczyniowa | D41: Lekarz rezydent | E41: G5 | F41: M | G41: 44433 | H41: Na czas nieokreślony | I41: 0.5 | J41: 7920 | K41: 0 | L41: Zwolniony | M41: 45928 | N41: =tblKadry[[#This Row],[Wynagrodzenie_zasadnicze]]+tblKadry[[#This Row],[Dodatek_funkcyjny]] -> 7920 | O41: =IF(OR(tblKadry[[#This Row],[Wynagrodzenie_zasadnicze]]="",tblKadry[[#This Row],[Etat]]=0),"",tblKadry[[#This Row],[Wynagrodzenie_zasadnicze]]/tblKadry[[#This Row],[Etat]]) -> 15840 | P41: =IF(AND(tblKadry[[#This Row],[Status]]="Aktywny",tblKadry[[#This Row],[Data_zatrudnienia]]<=pDataRaportu),1,0) -> 0 | Q41: =IF(tblKadry[[#This Row],[Data_zatrudnienia]]>pDataRaportu,0,ROUND(YEARFRAC(tblKadry[[#This Row],[Data_zatrudnienia]],IF(tblKadry[[#This Row],[Data_zwolnienia]]="",pDataRaportu,tblKadry[[#This Row],[Data_zwolnienia]])),1)) -> 4.1 | R41: =tblKadry[[#This Row],[Brutto_mies]]*(1+pNarzut) -> 9660.816 | S41: =_xlfn.XLOOKUP(tblKadry[[#This Row],[Grupa]],tblWidelki[Grupa],tblWidelki[Środek],"") -> 16000 | T41: =IF(tblKadry[[#This Row],[Stawka_pełny_etat]]="","",tblKadry[[#This Row],[Stawka_pełny_etat]]/tblKadry[[#This Row],[Środek_widełek]]) -> 0.99 | U41: =IF(tblKadry[[#This Row],[Stawka_pełny_etat]]="","",IF(tblKadry[[#This Row],[Stawka_pełny_etat]]<_xlfn.XLOOKUP(tblKadry[[#This Row],[Grupa]],tblWidelki[Grupa],tblWidelki[Min]),"Poniżej",IF(tblKadry[[#This Row],[Stawka_pełny_etat]]>_xlfn.XLOOKUP(tblKadry[[#This Row],[Grupa]],tblWidelki[Grupa],tblWidelki[Max]),"Powyżej","W widełkach"))) -> W widełkach | V41: =_xlfn.TEXTJOIN("; ",TRUE,IF(COUNTIF(tblKadry[ID_Pracownika],tblKadry[[#This Row],[ID_Pracownika]])>1,"Duplikat ID",""),IF(tblKadry[[#This Row],[Dział]]="","Brak działu",""),IF(tblKadry[[#This Row],[Wynagrodzenie_zasadnicze]]="","Brak wynagrodzenia",""),IF(AND(tblKadry[[#This Row],[Wynagrodzenie_zasadnicze]]<>"",tblKadry[[#This Row],[Brutto_mies]]<pPlacaMin*tblKadry[[#This Row],[Etat]]),"Poniżej płacy minimalnej",""),IF(OR(tblKadry[[#This Row],[Etat]]<=0,tblKadry[[#This Row],[Etat]]>1),"Nieprawidłowy etat",""),IF(tblKadry[[#This Row],[Data_zatrudnienia]]>pDataRaportu,"Data zatrudnienia w przyszłości",""),IF(AND(tblKadry[[#This Row],[Status]]="Zwolniony",tblKadry[[#This Row],[Data_zwolnienia]]=""),"Brak daty zwolnienia",""),IF(AND(tblKadry[[#This Row],[Status]]="Aktywny",tblKadry[[#This Row],[Data_zwolnienia]]<>""),"Aktywny z datą zwolnienia",""),IF(AND(tblKadry[[#This Row],[Status]]="Aktywny",tblKadry[[#This Row],[Typ_umowy]]="Na czas określony",tblKadry[[#This Row],[Staż_lat]]>2.75),"Umowa terminowa > 33 mies. (art. 25¹ KP)",""),IF(AND(tblKadry[[#This Row],[Status]]="Aktywny",tblKadry[[#This Row],[Typ_umowy]]="Na okres próbny",tblKadry[[#This Row],[Staż_lat]]>0.25),"Okres próbny > 3 mies. (art. 25 KP)",""))
A42: P1050 | B42: Bielsko-Biała | C42: Kardiologia | D42: Lekarz specjalista | E42: G6 | F42: M | G42: 43689 | H42: Na czas nieokreślony | I42: 1 | J42: 15790 | K42: 0 | L42: Aktywny | N42: =tblKadry[[#This Row],[Wynagrodzenie_zasadnicze]]+tblKadry[[#This Row],[Dodatek_funkcyjny]] -> 15790 | O42: =IF(OR(tblKadry[[#This Row],[Wynagrodzenie_zasadnicze]]="",tblKadry[[#This Row],[Etat]]=0),"",tblKadry[[#This Row],[Wynagrodzenie_zasadnicze]]/tblKadry[[#This Row],[Etat]]) -> 15790 | P42: =IF(AND(tblKadry[[#This Row],[Status]]="Aktywny",tblKadry[[#This Row],[Data_zatrudnienia]]<=pDataRaportu),1,0) -> 1 | Q42: =IF(tblKadry[[#This Row],[Data_zatrudnienia]]>pDataRaportu,0,ROUND(YEARFRAC(tblKadry[[#This Row],[Data_zatrudnienia]],IF(tblKadry[[#This Row],[Data_zwolnienia]]="",pDataRaportu,tblKadry[[#This Row],[Data_zwolnienia]])),1)) -> 7.1 | R42: =tblKadry[[#This Row],[Brutto_mies]]*(1+pNarzut) -> 19260.642 | S42: =_xlfn.XLOOKUP(tblKadry[[#This Row],[Grupa]],tblWidelki[Grupa],tblWidelki[Środek],"") -> 20500 | T42: =IF(tblKadry[[#This Row],[Stawka_pełny_etat]]="","",tblKadry[[#This Row],[Stawka_pełny_etat]]/tblKadry[[#This Row],[Środek_widełek]]) -> 0.7702439 | U42: =IF(tblKadry[[#This Row],[Stawka_pełny_etat]]="","",IF(tblKadry[[#This Row],[Stawka_pełny_etat]]<_xlfn.XLOOKUP(tblKadry[[#This Row],[Grupa]],tblWidelki[Grupa],tblWidelki[Min]),"Poniżej",IF(tblKadry[[#This Row],[Stawka_pełny_etat]]>_xlfn.XLOOKUP(tblKadry[[#This Row],[Grupa]],tblWidelki[Grupa],tblWidelki[Max]),"Powyżej","W widełkach"))) -> Poniżej | V42: =_xlfn.TEXTJOIN("; ",TRUE,IF(COUNTIF(tblKadry[ID_Pracownika],tblKadry[[#This Row],[ID_Pracownika]])>1,"Duplikat ID",""),IF(tblKadry[[#This Row],[Dział]]="","Brak działu",""),IF(tblKadry[[#This Row],[Wynagrodzenie_zasadnicze]]="","Brak wynagrodzenia",""),IF(AND(tblKadry[[#This Row],[Wynagrodzenie_zasadnicze]]<>"",tblKadry[[#This Row],[Brutto_mies]]<pPlacaMin*tblKadry[[#This Row],[Etat]]),"Poniżej płacy minimalnej",""),IF(OR(tblKadry[[#This Row],[Etat]]<=0,tblKadry[[#This Row],[Etat]]>1),"Nieprawidłowy etat",""),IF(tblKadry[[#This Row],[Data_zatrudnienia]]>pDataRaportu,"Data zatrudnienia w przyszłości",""),IF(AND(tblKadry[[#This Row],[Status]]="Zwolniony",tblKadry[[#This Row],[Data_zwolnienia]]=""),"Brak daty zwolnienia",""),IF(AND(tblKadry[[#This Row],[Status]]="Aktywny",tblKadry[[#This Row],[Data_zwolnienia]]<>""),"Aktywny z datą zwolnienia",""),IF(AND(tblKadry[[#This Row],[Status]]="Aktywny",tblKadry[[#This Row],[Typ_umowy]]="Na czas określony",tblKadry[[#This Row],[Staż_lat]]>2.75),"Umowa terminowa > 33 mies. (art. 25¹ KP)",""),IF(AND(tblKadry[[#This Row],[Status]]="Aktywny",tblKadry[[#This Row],[Typ_umowy]]="Na okres próbny",tblKadry[[#This Row],[Staż_lat]]>0.25),"Okres próbny > 3 mies. (art. 25 KP)",""))
A43: P1157 | B43: Bielsko-Biała | C43: Kardiochirurgia | D43: Lekarz rezydent | E43: G5 | F43: M | G43: 45593 | H43: Na czas nieokreślony | I43: 1 | J43: 15650 | K43: 0 | L43: Aktywny | N43: =tblKadry[[#This Row],[Wynagrodzenie_zasadnicze]]+tblKadry[[#This Row],[Dodatek_funkcyjny]] -> 15650 | O43: =IF(OR(tblKadry[[#This Row],[Wynagrodzenie_zasadnicze]]="",tblKadry[[#This Row],[Etat]]=0),"",tblKadry[[#This Row],[Wynagrodzenie_zasadnicze]]/tblKadry[[#This Row],[Etat]]) -> 15650 | P43: =IF(AND(tblKadry[[#This Row],[Status]]="Aktywny",tblKadry[[#This Row],[Data_zatrudnienia]]<=pDataRaportu),1,0) -> 1 | Q43: =IF(tblKadry[[#This Row],[Data_zatrudnienia]]>pDataRaportu,0,ROUND(YEARFRAC(tblKadry[[#This Row],[Data_zatrudnienia]],IF(tblKadry[[#This Row],[Data_zwolnienia]]="",pDataRaportu,tblKadry[[#This Row],[Data_zwolnienia]])),1)) -> 1.9 | R43: =tblKadry[[#This Row],[Brutto_mies]]*(1+pNarzut) -> 19089.87 | S43: =_xlfn.XLOOKUP(tblKadry[[#This Row],[Grupa]],tblWidelki[Grupa],tblWidelki[Środek],"") -> 16000 | T43: =IF(tblKadry[[#This Row],[Stawka_pełny_etat]]="","",tblKadry[[#This Row],[Stawka_pełny_etat]]/tblKadry[[#This Row],[Środek_widełek]]) -> 0.978125 | U43: =IF(tblKadry[[#This Row],[Stawka_pełny_etat]]="","",IF(tblKadry[[#This Row],[Stawka_pełny_etat]]<_xlfn.XLOOKUP(tblKadry[[#This Row],[Grupa]],tblWidelki[Grupa],tblWidelki[Min]),"Poniżej",IF(tblKadry[[#This Row],[Stawka_pełny_etat]]>_xlfn.XLOOKUP(tblKadry[[#This Row],[Grupa]],tblWidelki[Grupa],tblWidelki[Max]),"Powyżej","W widełkach"))) -> W widełkach | V43: =_xlfn.TEXTJOIN("; ",TRUE,IF(COUNTIF(tblKadry[ID_Pracownika],tblKadry[[#This Row],[ID_Pracownika]])>1,"Duplikat ID",""),IF(tblKadry[[#This Row],[Dział]]="","Brak działu",""),IF(tblKadry[[#This Row],[Wynagrodzenie_zasadnicze]]="","Brak wynagrodzenia",""),IF(AND(tblKadry[[#This Row],[Wynagrodzenie_zasadnicze]]<>"",tblKadry[[#This Row],[Brutto_mies]]<pPlacaMin*tblKadry[[#This Row],[Etat]]),"Poniżej płacy minimalnej",""),IF(OR(tblKadry[[#This Row],[Etat]]<=0,tblKadry[[#This Row],[Etat]]>1),"Nieprawidłowy etat",""),IF(tblKadry[[#This Row],[Data_zatrudnienia]]>pDataRaportu,"Data zatrudnienia w przyszłości",""),IF(AND(tblKadry[[#This Row],[Status]]="Zwolniony",tblKadry[[#This Row],[Data_zwolnienia]]=""),"Brak daty zwolnienia",""),IF(AND(tblKadry[[#This Row],[Status]]="Aktywny",tblKadry[[#This Row],[Data_zwolnienia]]<>""),"Aktywny z datą zwolnienia",""),IF(AND(tblKadry[[#This Row],[Status]]="Aktywny",tblKadry[[#This Row],[Typ_umowy]]="Na czas określony",tblKadry[[#This Row],[Staż_lat]]>2.75),"Umowa terminowa > 33 mies. (art. 25¹ KP)",""),IF(AND(tblKadry[[#This Row],[Status]]="Aktywny",tblKadry[[#This Row],[Typ_umowy]]="Na okres próbny",tblKadry[[#This Row],[Staż_lat]]>0.25),"Okres próbny > 3 mies. (art. 25 KP)",""))
A44: P1153 | B44: Kraków | C44: Kardiochirurgia | D44: Lekarz specjalista | E44: G6 | F44: M | G44: 44920 | H44: Na czas nieokreślony | I44: 1 | J44: 15350 | K44: 0 | L44: Aktywny | N44: =tblKadry[[#This Row],[Wynagrodzenie_zasadnicze]]+tblKadry[[#This Row],[Dodatek_funkcyjny]] -> 15350 | O44: =IF(OR(tblKadry[[#This Row],[Wynagrodzenie_zasadnicze]]="",tblKadry[[#This Row],[Etat]]=0),"",tblKadry[[#This Row],[Wynagrodzenie_zasadnicze]]/tblKadry[[#This Row],[Etat]]) -> 15350 | P44: =IF(AND(tblKadry[[#This Row],[Status]]="Aktywny",tblKadry[[#This Row],[Data_zatrudnienia]]<=pDataRaportu),1,0) -> 1 | Q44: =IF(tblKadry[[#This Row],[Data_zatrudnienia]]>pDataRaportu,0,ROUND(YEARFRAC(tblKadry[[#This Row],[Data_zatrudnienia]],IF(tblKadry[[#This Row],[Data_zwolnienia]]="",pDataRaportu,tblKadry[[#This Row],[Data_zwolnienia]])),1)) -> 3.8 | R44: =tblKadry[[#This Row],[Brutto_mies]]*(1+pNarzut) -> 18723.93 | S44: =_xlfn.XLOOKUP(tblKadry[[#This Row],[Grupa]],tblWidelki[Grupa],tblWidelki[Środek],"") -> 20500 | T44: =IF(tblKadry[[#This Row],[Stawka_pełny_etat]]="","",tblKadry[[#This Row],[Stawka_pełny_etat]]/tblKadry[[#This Row],[Środek_widełek]]) -> 0.74878049 | U44: =IF(tblKadry[[#This Row],[Stawka_pełny_etat]]="","",IF(tblKadry[[#This Row],[Stawka_pełny_etat]]<_xlfn.XLOOKUP(tblKadry[[#This Row],[Grupa]],tblWidelki[Grupa],tblWidelki[Min]),"Poniżej",IF(tblKadry[[#This Row],[Stawka_pełny_etat]]>_xlfn.XLOOKUP(tblKadry[[#This Row],[Grupa]],tblWidelki[Grupa],tblWidelki[Max]),"Powyżej","W widełkach"))) -> Poniżej | V44: =_xlfn.TEXTJOIN("; ",TRUE,IF(COUNTIF(tblKadry[ID_Pracownika],tblKadry[[#This Row],[ID_Pracownika]])>1,"Duplikat ID",""),IF(tblKadry[[#This Row],[Dział]]="","Brak działu",""),IF(tblKadry[[#This Row],[Wynagrodzenie_zasadnicze]]="","Brak wynagrodzenia",""),IF(AND(tblKadry[[#This Row],[Wynagrodzenie_zasadnicze]]<>"",tblKadry[[#This Row],[Brutto_mies]]<pPlacaMin*tblKadry[[#This Row],[Etat]]),"Poniżej płacy minimalnej",""),IF(OR(tblKadry[[#This Row],[Etat]]<=0,tblKadry[[#This Row],[Etat]]>1),"Nieprawidłowy etat",""),IF(tblKadry[[#This Row],[Data_zatrudnienia]]>pDataRaportu,"Data zatrudnienia w przyszłości",""),IF(AND(tblKadry[[#This Row],[Status]]="Zwolniony",tblKadry[[#This Row],[Data_zwolnienia]]=""),"Brak daty zwolnienia",""),IF(AND(tblKadry[[#This Row],[Status]]="Aktywny",tblKadry[[#This Row],[Data_zwolnienia]]<>""),"Aktywny z datą zwolnienia",""),IF(AND(tblKadry[[#This Row],[Status]]="Aktywny",tblKadry[[#This Row],[Typ_umowy]]="Na czas określony",tblKadry[[#This Row],[Staż_lat]]>2.75),"Umowa terminowa > 33 mies. (art. 25¹ KP)",""),IF(AND(tblKadry[[#This Row],[Status]]="Aktywny",tblKadry[[#This Row],[Typ_umowy]]="Na okres próbny",tblKadry[[#This Row],[Staż_lat]]>0.25),"Okres próbny > 3 mies. (art. 25 KP)",""))
A45: P1165 | B45: Bielsko-Biała | C45: Chirurgia naczyniowa | D45: Lekarz rezydent | E45: G5 | F45: K | G45: 43211 | H45: Na czas nieokreślony | I45: 1 | J45: 15320 | K45: 0 | L45: Aktywny | N45: =tblKadry[[#This Row],[Wynagrodzenie_zasadnicze]]+tblKadry[[#This Row],[Dodatek_funkcyjny]] -> 15320 | O45: =IF(OR(tblKadry[[#This Row],[Wynagrodzenie_zasadnicze]]="",tblKadry[[#This Row],[Etat]]=0),"",tblKadry[[#This Row],[Wynagrodzenie_zasadnicze]]/tblKadry[[#This Row],[Etat]]) -> 15320 | P45: =IF(AND(tblKadry[[#This Row],[Status]]="Aktywny",tblKadry[[#This Row],[Data_zatrudnienia]]<=pDataRaportu),1,0) -> 1 | Q45: =IF(tblKadry[[#This Row],[Data_zatrudnienia]]>pDataRaportu,0,ROUND(YEARFRAC(tblKadry[[#This Row],[Data_zatrudnienia]],IF(tblKadry[[#This Row],[Data_zwolnienia]]="",pDataRaportu,tblKadry[[#This Row],[Data_zwolnienia]])),1)) -> 8.4 | R45: =tblKadry[[#This Row],[Brutto_mies]]*(1+pNarzut) -> 18687.336 | S45: =_xlfn.XLOOKUP(tblKadry[[#This Row],[Grupa]],tblWidelki[Grupa],tblWidelki[Środek],"") -> 16000 | T45: =IF(tblKadry[[#This Row],[Stawka_pełny_etat]]="","",tblKadry[[#This Row],[Stawka_pełny_etat]]/tblKadry[[#This Row],[Środek_widełek]]) -> 0.9575 | U45: =IF(tblKadry[[#This Row],[Stawka_pełny_etat]]="","",IF(tblKadry[[#This Row],[Stawka_pełny_etat]]<_xlfn.XLOOKUP(tblKadry[[#This Row],[Grupa]],tblWidelki[Grupa],tblWidelki[Min]),"Poniżej",IF(tblKadry[[#This Row],[Stawka_pełny_etat]]>_xlfn.XLOOKUP(tblKadry[[#This Row],[Grupa]],tblWidelki[Grupa],tblWidelki[Max]),"Powyżej","W widełkach"))) -> W widełkach | V45: =_xlfn.TEXTJOIN("; ",TRUE,IF(COUNTIF(tblKadry[ID_Pracownika],tblKadry[[#This Row],[ID_Pracownika]])>1,"Duplikat ID",""),IF(tblKadry[[#This Row],[Dział]]="","Brak działu",""),IF(tblKadry[[#This Row],[Wynagrodzenie_zasadnicze]]="","Brak wynagrodzenia",""),IF(AND(tblKadry[[#This Row],[Wynagrodzenie_zasadnicze]]<>"",tblKadry[[#This Row],[Brutto_mies]]<pPlacaMin*tblKadry[[#This Row],[Etat]]),"Poniżej płacy minimalnej",""),IF(OR(tblKadry[[#This Row],[Etat]]<=0,tblKadry[[#This Row],[Etat]]>1),"Nieprawidłowy etat",""),IF(tblKadry[[#This Row],[Data_zatrudnienia]]>pDataRaportu,"Data zatrudnienia w przyszłości",""),IF(AND(tblKadry[[#This Row],[Status]]="Zwolniony",tblKadry[[#This Row],[Data_zwolnienia]]=""),"Brak daty zwolnienia",""),IF(AND(tblKadry[[#This Row],[Status]]="Aktywny",tblKadry[[#This Row],[Data_zwolnienia]]<>""),"Aktywny z datą zwolnienia",""),IF(AND(tblKadry[[#This Row],[Status]]="Aktywny",tblKadry[[#This Row],[Typ_umowy]]="Na czas określony",tblKadry[[#This Row],[Staż_lat]]>2.75),"Umowa terminowa > 33 mies. (art. 25¹ KP)",""),IF(AND(tblKadry[[#This Row],[Status]]="Aktywny",tblKadry[[#This Row],[Typ_umowy]]="Na okres próbny",tblKadry[[#This Row],[Staż_lat]]>0.25),"Okres próbny > 3 mies. (art. 25 KP)",""))
A46: P1021 | B46: Kraków | C46: Chirurgia naczyniowa | D46: Lekarz rezydent | E46: G5 | F46: M | G46: 44990 | H46: Na czas nieokreślony | I46: 1 | J46: 15120 | K46: 0 | L46: Aktywny | N46: =tblKadry[[#This Row],[Wynagrodzenie_zasadnicze]]+tblKadry[[#This Row],[Dodatek_funkcyjny]] -> 15120 | O46: =IF(OR(tblKadry[[#This Row],[Wynagrodzenie_zasadnicze]]="",tblKadry[[#This Row],[Etat]]=0),"",tblKadry[[#This Row],[Wynagrodzenie_zasadnicze]]/tblKadry[[#This Row],[Etat]]) -> 15120 | P46: =IF(AND(tblKadry[[#This Row],[Status]]="Aktywny",tblKadry[[#This Row],[Data_zatrudnienia]]<=pDataRaportu),1,0) -> 1 | Q46: =IF(tblKadry[[#This Row],[Data_zatrudnienia]]>pDataRaportu,0,ROUND(YEARFRAC(tblKadry[[#This Row],[Data_zatrudnienia]],IF(tblKadry[[#This Row],[Data_zwolnienia]]="",pDataRaportu,tblKadry[[#This Row],[Data_zwolnienia]])),1)) -> 3.6 | R46: =tblKadry[[#This Row],[Brutto_mies]]*(1+pNarzut) -> 18443.376 | S46: =_xlfn.XLOOKUP(tblKadry[[#This Row],[Grupa]],tblWidelki[Grupa],tblWidelki[Środek],"") -> 16000 | T46: =IF(tblKadry[[#This Row],[Stawka_pełny_etat]]="","",tblKadry[[#This Row],[Stawka_pełny_etat]]/tblKadry[[#This Row],[Środek_widełek]]) -> 0.945 | U46: =IF(tblKadry[[#This Row],[Stawka_pełny_etat]]="","",IF(tblKadry[[#This Row],[Stawka_pełny_etat]]<_xlfn.XLOOKUP(tblKadry[[#This Row],[Grupa]],tblWidelki[Grupa],tblWidelki[Min]),"Poniżej",IF(tblKadry[[#This Row],[Stawka_pełny_etat]]>_xlfn.XLOOKUP(tblKadry[[#This Row],[Grupa]],tblWidelki[Grupa],tblWidelki[Max]),"Powyżej","W widełkach"))) -> W widełkach | V46: =_xlfn.TEXTJOIN("; ",TRUE,IF(COUNTIF(tblKadry[ID_Pracownika],tblKadry[[#This Row],[ID_Pracownika]])>1,"Duplikat ID",""),IF(tblKadry[[#This Row],[Dział]]="","Brak działu",""),IF(tblKadry[[#This Row],[Wynagrodzenie_zasadnicze]]="","Brak wynagrodzenia",""),IF(AND(tblKadry[[#This Row],[Wynagrodzenie_zasadnicze]]<>"",tblKadry[[#This Row],[Brutto_mies]]<pPlacaMin*tblKadry[[#This Row],[Etat]]),"Poniżej płacy minimalnej",""),IF(OR(tblKadry[[#This Row],[Etat]]<=0,tblKadry[[#This Row],[Etat]]>1),"Nieprawidłowy etat",""),IF(tblKadry[[#This Row],[Data_zatrudnienia]]>pDataRaportu,"Data zatrudnienia w przyszłości",""),IF(AND(tblKadry[[#This Row],[Status]]="Zwolniony",tblKadry[[#This Row],[Data_zwolnienia]]=""),"Brak daty zwolnienia",""),IF(AND(tblKadry[[#This Row],[Status]]="Aktywny",tblKadry[[#This Row],[Data_zwolnienia]]<>""),"Aktywny z datą zwolnienia",""),IF(AND(tblKadry[[#This Row],[Status]]="Aktywny",tblKadry[[#This Row],[Typ_umowy]]="Na czas określony",tblKadry[[#This Row],[Staż_lat]]>2.75),"Umowa terminowa > 33 mies. (art. 25¹ KP)",""),IF(AND(tblKadry[[#This Row],[Status]]="Aktywny",tblKadry[[#This Row],[Typ_umowy]]="Na okres próbny",tblKadry[[#This Row],[Staż_lat]]>0.25),"Okres próbny > 3 mies. (art. 25 KP)",""))
A47: P1077 | B47: Bielsko-Biała | C47: Kardiologia | D47: Lekarz rezydent | E47: G5 | F47: K | G47: 45246 | H47: Na czas nieokreślony | I47: 1 | J47: 15090 | K47: 0 | L47: Aktywny | N47: =tblKadry[[#This Row],[Wynagrodzenie_zasadnicze]]+tblKadry[[#This Row],[Dodatek_funkcyjny]] -> 15090 | O47: =IF(OR(tblKadry[[#This Row],[Wynagrodzenie_zasadnicze]]="",tblKadry[[#This Row],[Etat]]=0),"",tblKadry[[#This Row],[Wynagrodzenie_zasadnicze]]/tblKadry[[#This Row],[Etat]]) -> 15090 | P47: =IF(AND(tblKadry[[#This Row],[Status]]="Aktywny",tblKadry[[#This Row],[Data_zatrudnienia]]<=pDataRaportu),1,0) -> 1 | Q47: =IF(tblKadry[[#This Row],[Data_zatrudnienia]]>pDataRaportu,0,ROUND(YEARFRAC(tblKadry[[#This Row],[Data_zatrudnienia]],IF(tblKadry[[#This Row],[Data_zwolnienia]]="",pDataRaportu,tblKadry[[#This Row],[Data_zwolnienia]])),1)) -> 2.9 | R47: =tblKadry[[#This Row],[Brutto_mies]]*(1+pNarzut) -> 18406.782 | S47: =_xlfn.XLOOKUP(tblKadry[[#This Row],[Grupa]],tblWidelki[Grupa],tblWidelki[Środek],"") -> 16000 | T47: =IF(tblKadry[[#This Row],[Stawka_pełny_etat]]="","",tblKadry[[#This Row],[Stawka_pełny_etat]]/tblKadry[[#This Row],[Środek_widełek]]) -> 0.943125 | U47: =IF(tblKadry[[#This Row],[Stawka_pełny_etat]]="","",IF(tblKadry[[#This Row],[Stawka_pełny_etat]]<_xlfn.XLOOKUP(tblKadry[[#This Row],[Grupa]],tblWidelki[Grupa],tblWidelki[Min]),"Poniżej",IF(tblKadry[[#This Row],[Stawka_pełny_etat]]>_xlfn.XLOOKUP(tblKadry[[#This Row],[Grupa]],tblWidelki[Grupa],tblWidelki[Max]),"Powyżej","W widełkach"))) -> W widełkach | V47: =_xlfn.TEXTJOIN("; ",TRUE,IF(COUNTIF(tblKadry[ID_Pracownika],tblKadry[[#This Row],[ID_Pracownika]])>1,"Duplikat ID",""),IF(tblKadry[[#This Row],[Dział]]="","Brak działu",""),IF(tblKadry[[#This Row],[Wynagrodzenie_zasadnicze]]="","Brak wynagrodzenia",""),IF(AND(tblKadry[[#This Row],[Wynagrodzenie_zasadnicze]]<>"",tblKadry[[#This Row],[Brutto_mies]]<pPlacaMin*tblKadry[[#This Row],[Etat]]),"Poniżej płacy minimalnej",""),IF(OR(tblKadry[[#This Row],[Etat]]<=0,tblKadry[[#This Row],[Etat]]>1),"Nieprawidłowy etat",""),IF(tblKadry[[#This Row],[Data_zatrudnienia]]>pDataRaportu,"Data zatrudnienia w przyszłości",""),IF(AND(tblKadry[[#This Row],[Status]]="Zwolniony",tblKadry[[#This Row],[Data_zwolnienia]]=""),"Brak daty zwolnienia",""),IF(AND(tblKadry[[#This Row],[Status]]="Aktywny",tblKadry[[#This Row],[Data_zwolnienia]]<>""),"Aktywny z datą zwolnienia",""),IF(AND(tblKadry[[#This Row],[Status]]="Aktywny",tblKadry[[#This Row],[Typ_umowy]]="Na czas określony",tblKadry[[#This Row],[Staż_lat]]>2.75),"Umowa terminowa > 33 mies. (art. 25¹ KP)",""),IF(AND(tblKadry[[#This Row],[Status]]="Aktywny",tblKadry[[#This Row],[Typ_umowy]]="Na okres próbny",tblKadry[[#This Row],[Staż_lat]]>0.25),"Okres próbny > 3 mies. (art. 25 KP)",""))
A48: P1125 | B48: Katowice | C48: Kardiologia | D48: Lekarz rezydent | E48: G5 | F48: M | G48: 45397 | H48: Na czas określony | I48: 1 | J48: 14400 | K48: 0 | L48: Aktywny | N48: =tblKadry[[#This Row],[Wynagrodzenie_zasadnicze]]+tblKadry[[#This Row],[Dodatek_funkcyjny]] -> 14400 | O48: =IF(OR(tblKadry[[#This Row],[Wynagrodzenie_zasadnicze]]="",tblKadry[[#This Row],[Etat]]=0),"",tblKadry[[#This Row],[Wynagrodzenie_zasadnicze]]/tblKadry[[#This Row],[Etat]]) -> 14400 | P48: =IF(AND(tblKadry[[#This Row],[Status]]="Aktywny",tblKadry[[#This Row],[Data_zatrudnienia]]<=pDataRaportu),1,0) -> 1 | Q48: =IF(tblKadry[[#This Row],[Data_zatrudnienia]]>pDataRaportu,0,ROUND(YEARFRAC(tblKadry[[#This Row],[Data_zatrudnienia]],IF(tblKadry[[#This Row],[Data_zwolnienia]]="",pDataRaportu,tblKadry[[#This Row],[Data_zwolnienia]])),1)) -> 2.5 | R48: =tblKadry[[#This Row],[Brutto_mies]]*(1+pNarzut) -> 17565.12 | S48: =_xlfn.XLOOKUP(tblKadry[[#This Row],[Grupa]],tblWidelki[Grupa],tblWidelki[Środek],"") -> 16000 | T48: =IF(tblKadry[[#This Row],[Stawka_pełny_etat]]="","",tblKadry[[#This Row],[Stawka_pełny_etat]]/tblKadry[[#This Row],[Środek_widełek]]) -> 0.9 | U48: =IF(tblKadry[[#This Row],[Stawka_pełny_etat]]="","",IF(tblKadry[[#This Row],[Stawka_pełny_etat]]<_xlfn.XLOOKUP(tblKadry[[#This Row],[Grupa]],tblWidelki[Grupa],tblWidelki[Min]),"Poniżej",IF(tblKadry[[#This Row],[Stawka_pełny_etat]]>_xlfn.XLOOKUP(tblKadry[[#This Row],[Grupa]],tblWidelki[Grupa],tblWidelki[Max]),"Powyżej","W widełkach"))) -> W widełkach | V48: =_xlfn.TEXTJOIN("; ",TRUE,IF(COUNTIF(tblKadry[ID_Pracownika],tblKadry[[#This Row],[ID_Pracownika]])>1,"Duplikat ID",""),IF(tblKadry[[#This Row],[Dział]]="","Brak działu",""),IF(tblKadry[[#This Row],[Wynagrodzenie_zasadnicze]]="","Brak wynagrodzenia",""),IF(AND(tblKadry[[#This Row],[Wynagrodzenie_zasadnicze]]<>"",tblKadry[[#This Row],[Brutto_mies]]<pPlacaMin*tblKadry[[#This Row],[Etat]]),"Poniżej płacy minimalnej",""),IF(OR(tblKadry[[#This Row],[Etat]]<=0,tblKadry[[#This Row],[Etat]]>1),"Nieprawidłowy etat",""),IF(tblKadry[[#This Row],[Data_zatrudnienia]]>pDataRaportu,"Data zatrudnienia w przyszłości",""),IF(AND(tblKadry[[#This Row],[Status]]="Zwolniony",tblKadry[[#This Row],[Data_zwolnienia]]=""),"Brak daty zwolnienia",""),IF(AND(tblKadry[[#This Row],[Status]]="Aktywny",tblKadry[[#This Row],[Data_zwolnienia]]<>""),"Aktywny z datą zwolnienia",""),IF(AND(tblKadry[[#This Row],[Status]]="Aktywny",tblKadry[[#This Row],[Typ_umowy]]="Na czas określony",tblKadry[[#This Row],[Staż_lat]]>2.75),"Umowa terminowa > 33 mies. (art. 25¹ KP)",""),IF(AND(tblKadry[[#This Row],[Status]]="Aktywny",tblKadry[[#This Row],[Typ_umowy]]="Na okres próbny",tblKadry[[#This Row],[Staż_lat]]>0.25),"Okres próbny > 3 mies. (art. 25 KP)",""))
A49: P1004 | B49: Katowice | C49: Kardiologia | D49: Lekarz rezydent | E49: G5 | F49: M | G49: 46033 | H49: Na czas określony | I49: 0.5 | J49: 6925 | K49: 0 | L49: Aktywny | N49: =tblKadry[[#This Row],[Wynagrodzenie_zasadnicze]]+tblKadry[[#This Row],[Dodatek_funkcyjny]] -> 6925 | O49: =IF(OR(tblKadry[[#This Row],[Wynagrodzenie_zasadnicze]]="",tblKadry[[#This Row],[Etat]]=0),"",tblKadry[[#This Row],[Wynagrodzenie_zasadnicze]]/tblKadry[[#This Row],[Etat]]) -> 13850 | P49: =IF(AND(tblKadry[[#This Row],[Status]]="Aktywny",tblKadry[[#This Row],[Data_zatrudnienia]]<=pDataRaportu),1,0) -> 1 | Q49: =IF(tblKadry[[#This Row],[Data_zatrudnienia]]>pDataRaportu,0,ROUND(YEARFRAC(tblKadry[[#This Row],[Data_zatrudnienia]],IF(tblKadry[[#This Row],[Data_zwolnienia]]="",pDataRaportu,tblKadry[[#This Row],[Data_zwolnienia]])),1)) -> 0.7 | R49: =tblKadry[[#This Row],[Brutto_mies]]*(1+pNarzut) -> 8447.115 | S49: =_xlfn.XLOOKUP(tblKadry[[#This Row],[Grupa]],tblWidelki[Grupa],tblWidelki[Środek],"") -> 16000 | T49: =IF(tblKadry[[#This Row],[Stawka_pełny_etat]]="","",tblKadry[[#This Row],[Stawka_pełny_etat]]/tblKadry[[#This Row],[Środek_widełek]]) -> 0.865625 | U49: =IF(tblKadry[[#This Row],[Stawka_pełny_etat]]="","",IF(tblKadry[[#This Row],[Stawka_pełny_etat]]<_xlfn.XLOOKUP(tblKadry[[#This Row],[Grupa]],tblWidelki[Grupa],tblWidelki[Min]),"Poniżej",IF(tblKadry[[#This Row],[Stawka_pełny_etat]]>_xlfn.XLOOKUP(tblKadry[[#This Row],[Grupa]],tblWidelki[Grupa],tblWidelki[Max]),"Powyżej","W widełkach"))) -> W widełkach | V49: =_xlfn.TEXTJOIN("; ",TRUE,IF(COUNTIF(tblKadry[ID_Pracownika],tblKadry[[#This Row],[ID_Pracownika]])>1,"Duplikat ID",""),IF(tblKadry[[#This Row],[Dział]]="","Brak działu",""),IF(tblKadry[[#This Row],[Wynagrodzenie_zasadnicze]]="","Brak wynagrodzenia",""),IF(AND(tblKadry[[#This Row],[Wynagrodzenie_zasadnicze]]<>"",tblKadry[[#This Row],[Brutto_mies]]<pPlacaMin*tblKadry[[#This Row],[Etat]]),"Poniżej płacy minimalnej",""),IF(OR(tblKadry[[#This Row],[Etat]]<=0,tblKadry[[#This Row],[Etat]]>1),"Nieprawidłowy etat",""),IF(tblKadry[[#This Row],[Data_zatrudnienia]]>pDataRaportu,"Data zatrudnienia w przyszłości",""),IF(AND(tblKadry[[#This Row],[Status]]="Zwolniony",tblKadry[[#This Row],[Data_zwolnienia]]=""),"Brak daty zwolnienia",""),IF(AND(tblKadry[[#This Row],[Status]]="Aktywny",tblKadry[[#This Row],[Data_zwolnienia]]<>""),"Aktywny z datą zwolnienia",""),IF(AND(tblKadry[[#This Row],[Status]]="Aktywny",tblKadry[[#This Row],[Typ_umowy]]="Na czas określony",tblKadry[[#This Row],[Staż_lat]]>2.75),"Umowa terminowa > 33 mies. (art. 25¹ KP)",""),IF(AND(tblKadry[[#This Row],[Status]]="Aktywny",tblKadry[[#This Row],[Typ_umowy]]="Na okres próbny",tblKadry[[#This Row],[Staż_lat]]>0.25),"Okres próbny > 3 mies. (art. 25 KP)",""))
A50: P1102 | B50: Katowice | C50: Kardiochirurgia | D50: Lekarz rezydent | E50: G5 | F50: K | G50: 45458 | H50: Na czas nieokreślony | I50: 0.5 | J50: 6205 | K50: 0 | L50: Aktywny | N50: =tblKadry[[#This Row],[Wynagrodzenie_zasadnicze]]+tblKadry[[#This Row],[Dodatek_funkcyjny]] -> 6205 | O50: =IF(OR(tblKadry[[#This Row],[Wynagrodzenie_zasadnicze]]="",tblKadry[[#This Row],[Etat]]=0),"",tblKadry[[#This Row],[Wynagrodzenie_zasadnicze]]/tblKadry[[#This Row],[Etat]]) -> 12410 | P50: =IF(AND(tblKadry[[#This Row],[Status]]="Aktywny",tblKadry[[#This Row],[Data_zatrudnienia]]<=pDataRaportu),1,0) -> 1 | Q50: =IF(tblKadry[[#This Row],[Data_zatrudnienia]]>pDataRaportu,0,ROUND(YEARFRAC(tblKadry[[#This Row],[Data_zatrudnienia]],IF(tblKadry[[#This Row],[Data_zwolnienia]]="",pDataRaportu,tblKadry[[#This Row],[Data_zwolnienia]])),1)) -> 2.3 | R50: =tblKadry[[#This Row],[Brutto_mies]]*(1+pNarzut) -> 7568.859 | S50: =_xlfn.XLOOKUP(tblKadry[[#This Row],[Grupa]],tblWidelki[Grupa],tblWidelki[Środek],"") -> 16000 | T50: =IF(tblKadry[[#This Row],[Stawka_pełny_etat]]="","",tblKadry[[#This Row],[Stawka_pełny_etat]]/tblKadry[[#This Row],[Środek_widełek]]) -> 0.775625 | U50: =IF(tblKadry[[#This Row],[Stawka_pełny_etat]]="","",IF(tblKadry[[#This Row],[Stawka_pełny_etat]]<_xlfn.XLOOKUP(tblKadry[[#This Row],[Grupa]],tblWidelki[Grupa],tblWidelki[Min]),"Poniżej",IF(tblKadry[[#This Row],[Stawka_pełny_etat]]>_xlfn.XLOOKUP(tblKadry[[#This Row],[Grupa]],tblWidelki[Grupa],tblWidelki[Max]),"Powyżej","W widełkach"))) -> Poniżej | V50: =_xlfn.TEXTJOIN("; ",TRUE,IF(COUNTIF(tblKadry[ID_Pracownika],tblKadry[[#This Row],[ID_Pracownika]])>1,"Duplikat ID",""),IF(tblKadry[[#This Row],[Dział]]="","Brak działu",""),IF(tblKadry[[#This Row],[Wynagrodzenie_zasadnicze]]="","Brak wynagrodzenia",""),IF(AND(tblKadry[[#This Row],[Wynagrodzenie_zasadnicze]]<>"",tblKadry[[#This Row],[Brutto_mies]]<pPlacaMin*tblKadry[[#This Row],[Etat]]),"Poniżej płacy minimalnej",""),IF(OR(tblKadry[[#This Row],[Etat]]<=0,tblKadry[[#This Row],[Etat]]>1),"Nieprawidłowy etat",""),IF(tblKadry[[#This Row],[Data_zatrudnienia]]>pDataRaportu,"Data zatrudnienia w przyszłości",""),IF(AND(tblKadry[[#This Row],[Status]]="Zwolniony",tblKadry[[#This Row],[Data_zwolnienia]]=""),"Brak daty zwolnienia",""),IF(AND(tblKadry[[#This Row],[Status]]="Aktywny",tblKadry[[#This Row],[Data_zwolnienia]]<>""),"Aktywny z datą zwolnienia",""),IF(AND(tblKadry[[#This Row],[Status]]="Aktywny",tblKadry[[#This Row],[Typ_umowy]]="Na czas określony",tblKadry[[#This Row],[Staż_lat]]>2.75),"Umowa terminowa > 33 mies. (art. 25¹ KP)",""),IF(AND(tblKadry[[#This Row],[Status]]="Aktywny",tblKadry[[#This Row],[Typ_umowy]]="Na okres próbny",tblKadry[[#This Row],[Staż_lat]]>0.25),"Okres próbny > 3 mies. (art. 25 KP)",""))
A51: P1143 | B51: Kraków | C51: Administracja | D51: Kierownik administracyjny | E51: G4 | F51: K | G51: 41041 | H51: Na czas nieokreślony | I51: 1 | J51: 12210 | K51: 2000 | L51: Aktywny | N51: =tblKadry[[#This Row],[Wynagrodzenie_zasadnicze]]+tblKadry[[#This Row],[Dodatek_funkcyjny]] -> 14210 | O51: =IF(OR(tblKadry[[#This Row],[Wynagrodzenie_zasadnicze]]="",tblKadry[[#This Row],[Etat]]=0),"",tblKadry[[#This Row],[Wynagrodzenie_zasadnicze]]/tblKadry[[#This Row],[Etat]]) -> 12210 | P51: =IF(AND(tblKadry[[#This Row],[Status]]="Aktywny",tblKadry[[#This Row],[Data_zatrudnienia]]<=pDataRaportu),1,0) -> 1 | Q51: =IF(tblKadry[[#This Row],[Data_zatrudnienia]]>pDataRaportu,0,ROUND(YEARFRAC(tblKadry[[#This Row],[Data_zatrudnienia]],IF(tblKadry[[#This Row],[Data_zwolnienia]]="",pDataRaportu,tblKadry[[#This Row],[Data_zwolnienia]])),1)) -> 14.4 | R51: =tblKadry[[#This Row],[Brutto_mies]]*(1+pNarzut) -> 17333.358 | S51: =_xlfn.XLOOKUP(tblKadry[[#This Row],[Grupa]],tblWidelki[Grupa],tblWidelki[Środek],"") -> 11000 | T51: =IF(tblKadry[[#This Row],[Stawka_pełny_etat]]="","",tblKadry[[#This Row],[Stawka_pełny_etat]]/tblKadry[[#This Row],[Środek_widełek]]) -> 1.11 | U51: =IF(tblKadry[[#This Row],[Stawka_pełny_etat]]="","",IF(tblKadry[[#This Row],[Stawka_pełny_etat]]<_xlfn.XLOOKUP(tblKadry[[#This Row],[Grupa]],tblWidelki[Grupa],tblWidelki[Min]),"Poniżej",IF(tblKadry[[#This Row],[Stawka_pełny_etat]]>_xlfn.XLOOKUP(tblKadry[[#This Row],[Grupa]],tblWidelki[Grupa],tblWidelki[Max]),"Powyżej","W widełkach"))) -> W widełkach | V51: =_xlfn.TEXTJOIN("; ",TRUE,IF(COUNTIF(tblKadry[ID_Pracownika],tblKadry[[#This Row],[ID_Pracownika]])>1,"Duplikat ID",""),IF(tblKadry[[#This Row],[Dział]]="","Brak działu",""),IF(tblKadry[[#This Row],[Wynagrodzenie_zasadnicze]]="","Brak wynagrodzenia",""),IF(AND(tblKadry[[#This Row],[Wynagrodzenie_zasadnicze]]<>"",tblKadry[[#This Row],[Brutto_mies]]<pPlacaMin*tblKadry[[#This Row],[Etat]]),"Poniżej płacy minimalnej",""),IF(OR(tblKadry[[#This Row],[Etat]]<=0,tblKadry[[#This Row],[Etat]]>1),"Nieprawidłowy etat",""),IF(tblKadry[[#This Row],[Data_zatrudnienia]]>pDataRaportu,"Data zatrudnienia w przyszłości",""),IF(AND(tblKadry[[#This Row],[Status]]="Zwolniony",tblKadry[[#This Row],[Data_zwolnienia]]=""),"Brak daty zwolnienia",""),IF(AND(tblKadry[[#This Row],[Status]]="Aktywny",tblKadry[[#This Row],[Data_zwolnienia]]<>""),"Aktywny z datą zwolnienia",""),IF(AND(tblKadry[[#This Row],[Status]]="Aktywny",tblKadry[[#This Row],[Typ_umowy]]="Na czas określony",tblKadry[[#This Row],[Staż_lat]]>2.75),"Umowa terminowa > 33 mies. (art. 25¹ KP)",""),IF(AND(tblKadry[[#This Row],[Status]]="Aktywny",tblKadry[[#This Row],[Typ_umowy]]="Na okres próbny",tblKadry[[#This Row],[Staż_lat]]>0.25),"Okres próbny > 3 mies. (art. 25 KP)",""))
A52: P1146 | B52: Kraków | C52: Kardiologia | D52: Lekarz rezydent | E52: G5 | F52: K | G52: 44532 | H52: Na czas nieokreślony | I52: 1 | J52: 12010 | K52: 0 | L52: Aktywny | N52: =tblKadry[[#This Row],[Wynagrodzenie_zasadnicze]]+tblKadry[[#This Row],[Dodatek_funkcyjny]] -> 12010 | O52: =IF(OR(tblKadry[[#This Row],[Wynagrodzenie_zasadnicze]]="",tblKadry[[#This Row],[Etat]]=0),"",tblKadry[[#This Row],[Wynagrodzenie_zasadnicze]]/tblKadry[[#This Row],[Etat]]) -> 12010 | P52: =IF(AND(tblKadry[[#This Row],[Status]]="Aktywny",tblKadry[[#This Row],[Data_zatrudnienia]]<=pDataRaportu),1,0) -> 1 | Q52: =IF(tblKadry[[#This Row],[Data_zatrudnienia]]>pDataRaportu,0,ROUND(YEARFRAC(tblKadry[[#This Row],[Data_zatrudnienia]],IF(tblKadry[[#This Row],[Data_zwolnienia]]="",pDataRaportu,tblKadry[[#This Row],[Data_zwolnienia]])),1)) -> 4.8 | R52: =tblKadry[[#This Row],[Brutto_mies]]*(1+pNarzut) -> 14649.798 | S52: =_xlfn.XLOOKUP(tblKadry[[#This Row],[Grupa]],tblWidelki[Grupa],tblWidelki[Środek],"") -> 16000 | T52: =IF(tblKadry[[#This Row],[Stawka_pełny_etat]]="","",tblKadry[[#This Row],[Stawka_pełny_etat]]/tblKadry[[#This Row],[Środek_widełek]]) -> 0.750625 | U52: =IF(tblKadry[[#This Row],[Stawka_pełny_etat]]="","",IF(tblKadry[[#This Row],[Stawka_pełny_etat]]<_xlfn.XLOOKUP(tblKadry[[#This Row],[Grupa]],tblWidelki[Grupa],tblWidelki[Min]),"Poniżej",IF(tblKadry[[#This Row],[Stawka_pełny_etat]]>_xlfn.XLOOKUP(tblKadry[[#This Row],[Grupa]],tblWidelki[Grupa],tblWidelki[Max]),"Powyżej","W widełkach"))) -> Poniżej | V52: =_xlfn.TEXTJOIN("; ",TRUE,IF(COUNTIF(tblKadry[ID_Pracownika],tblKadry[[#This Row],[ID_Pracownika]])>1,"Duplikat ID",""),IF(tblKadry[[#This Row],[Dział]]="","Brak działu",""),IF(tblKadry[[#This Row],[Wynagrodzenie_zasadnicze]]="","Brak wynagrodzenia",""),IF(AND(tblKadry[[#This Row],[Wynagrodzenie_zasadnicze]]<>"",tblKadry[[#This Row],[Brutto_mies]]<pPlacaMin*tblKadry[[#This Row],[Etat]]),"Poniżej płacy minimalnej",""),IF(OR(tblKadry[[#This Row],[Etat]]<=0,tblKadry[[#This Row],[Etat]]>1),"Nieprawidłowy etat",""),IF(tblKadry[[#This Row],[Data_zatrudnienia]]>pDataRaportu,"Data zatrudnienia w przyszłości",""),IF(AND(tblKadry[[#This Row],[Status]]="Zwolniony",tblKadry[[#This Row],[Data_zwolnienia]]=""),"Brak daty zwolnienia",""),IF(AND(tblKadry[[#This Row],[Status]]="Aktywny",tblKadry[[#This Row],[Data_zwolnienia]]<>""),"Aktywny z datą zwolnienia",""),IF(AND(tblKadry[[#This Row],[Status]]="Aktywny",tblKadry[[#This Row],[Typ_umowy]]="Na czas określony",tblKadry[[#This Row],[Staż_lat]]>2.75),"Umowa terminowa > 33 mies. (art. 25¹ KP)",""),IF(AND(tblKadry[[#This Row],[Status]]="Aktywny",tblKadry[[#This Row],[Typ_umowy]]="Na okres próbny",tblKadry[[#This Row],[Staż_lat]]>0.25),"Okres próbny > 3 mies. (art. 25 KP)",""))
A53: P1063 | B53: Katowice | C53: Kardiochirurgia | D53: Perfuzjonista | E53: G4 | F53: M | G53: 43498 | H53: Na czas nieokreślony | I53: 1 | J53: 11810 | K53: 0 | L53: Aktywny | N53: =tblKadry[[#This Row],[Wynagrodzenie_zasadnicze]]+tblKadry[[#This Row],[Dodatek_funkcyjny]] -> 11810 | O53: =IF(OR(tblKadry[[#This Row],[Wynagrodzenie_zasadnicze]]="",tblKadry[[#This Row],[Etat]]=0),"",tblKadry[[#This Row],[Wynagrodzenie_zasadnicze]]/tblKadry[[#This Row],[Etat]]) -> 11810 | P53: =IF(AND(tblKadry[[#This Row],[Status]]="Aktywny",tblKadry[[#This Row],[Data_zatrudnienia]]<=pDataRaportu),1,0) -> 1 | Q53: =IF(tblKadry[[#This Row],[Data_zatrudnienia]]>pDataRaportu,0,ROUND(YEARFRAC(tblKadry[[#This Row],[Data_zatrudnienia]],IF(tblKadry[[#This Row],[Data_zwolnienia]]="",pDataRaportu,tblKadry[[#This Row],[Data_zwolnienia]])),1)) -> 7.7 | R53: =tblKadry[[#This Row],[Brutto_mies]]*(1+pNarzut) -> 14405.838 | S53: =_xlfn.XLOOKUP(tblKadry[[#This Row],[Grupa]],tblWidelki[Grupa],tblWidelki[Środek],"") -> 11000 | T53: =IF(tblKadry[[#This Row],[Stawka_pełny_etat]]="","",tblKadry[[#This Row],[Stawka_pełny_etat]]/tblKadry[[#This Row],[Środek_widełek]]) -> 1.0736364 | U53: =IF(tblKadry[[#This Row],[Stawka_pełny_etat]]="","",IF(tblKadry[[#This Row],[Stawka_pełny_etat]]<_xlfn.XLOOKUP(tblKadry[[#This Row],[Grupa]],tblWidelki[Grupa],tblWidelki[Min]),"Poniżej",IF(tblKadry[[#This Row],[Stawka_pełny_etat]]>_xlfn.XLOOKUP(tblKadry[[#This Row],[Grupa]],tblWidelki[Grupa],tblWidelki[Max]),"Powyżej","W widełkach"))) -> W widełkach | V53: =_xlfn.TEXTJOIN("; ",TRUE,IF(COUNTIF(tblKadry[ID_Pracownika],tblKadry[[#This Row],[ID_Pracownika]])>1,"Duplikat ID",""),IF(tblKadry[[#This Row],[Dział]]="","Brak działu",""),IF(tblKadry[[#This Row],[Wynagrodzenie_zasadnicze]]="","Brak wynagrodzenia",""),IF(AND(tblKadry[[#This Row],[Wynagrodzenie_zasadnicze]]<>"",tblKadry[[#This Row],[Brutto_mies]]<pPlacaMin*tblKadry[[#This Row],[Etat]]),"Poniżej płacy minimalnej",""),IF(OR(tblKadry[[#This Row],[Etat]]<=0,tblKadry[[#This Row],[Etat]]>1),"Nieprawidłowy etat",""),IF(tblKadry[[#This Row],[Data_zatrudnienia]]>pDataRaportu,"Data zatrudnienia w przyszłości",""),IF(AND(tblKadry[[#This Row],[Status]]="Zwolniony",tblKadry[[#This Row],[Data_zwolnienia]]=""),"Brak daty zwolnienia",""),IF(AND(tblKadry[[#This Row],[Status]]="Aktywny",tblKadry[[#This Row],[Data_zwolnienia]]<>""),"Aktywny z datą zwolnienia",""),IF(AND(tblKadry[[#This Row],[Status]]="Aktywny",tblKadry[[#This Row],[Typ_umowy]]="Na czas określony",tblKadry[[#This Row],[Staż_lat]]>2.75),"Umowa terminowa > 33 mies. (art. 25¹ KP)",""),IF(AND(tblKadry[[#This Row],[Status]]="Aktywny",tblKadry[[#This Row],[Typ_umowy]]="Na okres próbny",tblKadry[[#This Row],[Staż_lat]]>0.25),"Okres próbny > 3 mies. (art. 25 KP)",""))
... A81: P1119 | B81: Kraków | C81: Kardiologia | D81: Pielęgniarka / pielęgniarz | E81: G3 | F81: K | G81: 43663 | H81: Na czas nieokreślony | I81: 1 | J81: 8860 | K81: 0 | L81: Aktywny | N81: =tblKadry[[#This Row],[Wynagrodzenie_zasadnicze]]+tblKadry[[#This Row],[Dodatek_funkcyjny]] -> 8860 | O81: =IF(OR(tblKadry[[#This Row],[Wynagrodzenie_zasadnicze]]="",tblKadry[[#This Row],[Etat]]=0),"",tblKadry[[#This Row],[Wynagrodzenie_zasadnicze]]/tblKadry[[#This Row],[Etat]]) -> 8860 | P81: =IF(AND(tblKadry[[#This Row],[Status]]="Aktywny",tblKadry[[#This Row],[Data_zatrudnienia]]<=pDataRaportu),1,0) -> 1 | Q81: =IF(tblKadry[[#This Row],[Data_zatrudnienia]]>pDataRaportu,0,ROUND(YEARFRAC(tblKadry[[#This Row],[Data_zatrudnienia]],IF(tblKadry[[#This Row],[Data_zwolnienia]]="",pDataRaportu,tblKadry[[#This Row],[Data_zwolnienia]])),1)) -> 7.2 | R81: =tblKadry[[#This Row],[Brutto_mies]]*(1+pNarzut) -> 10807.428 | S81: =_xlfn.XLOOKUP(tblKadry[[#This Row],[Grupa]],tblWidelki[Grupa],tblWidelki[Środek],"") -> 8500 | T81: =IF(tblKadry[[#This Row],[Stawka_pełny_etat]]="","",tblKadry[[#This Row],[Stawka_pełny_etat]]/tblKadry[[#This Row],[Środek_widełek]]) -> 1.0423529 | U81: =IF(tblKadry[[#This Row],[Stawka_pełny_etat]]="","",IF(tblKadry[[#This Row],[Stawka_pełny_etat]]<_xlfn.XLOOKUP(tblKadry[[#This Row],[Grupa]],tblWidelki[Grupa],tblWidelki[Min]),"Poniżej",IF(tblKadry[[#This Row],[Stawka_pełny_etat]]>_xlfn.XLOOKUP(tblKadry[[#This Row],[Grupa]],tblWidelki[Grupa],tblWidelki[Max]),"Powyżej","W widełkach"))) -> W widełkach | V81: =_xlfn.TEXTJOIN("; ",TRUE,IF(COUNTIF(tblKadry[ID_Pracownika],tblKadry[[#This Row],[ID_Pracownika]])>1,"Duplikat ID",""),IF(tblKadry[[#This Row],[Dział]]="","Brak działu",""),IF(tblKadry[[#This Row],[Wynagrodzenie_zasadnicze]]="","Brak wynagrodzenia",""),IF(AND(tblKadry[[#This Row],[Wynagrodzenie_zasadnicze]]<>"",tblKadry[[#This Row],[Brutto_mies]]<pPlacaMin*tblKadry[[#This Row],[Etat]]),"Poniżej płacy minimalnej",""),IF(OR(tblKadry[[#This Row],[Etat]]<=0,tblKadry[[#This Row],[Etat]]>1),"Nieprawidłowy etat",""),IF(tblKadry[[#This Row],[Data_zatrudnienia]]>pDataRaportu,"Data zatrudnienia w przyszłości",""),IF(AND(tblKadry[[#This Row],[Status]]="Zwolniony",tblKadry[[#This Row],[Data_zwolnienia]]=""),"Brak daty zwolnienia",""),IF(AND(tblKadry[[#This Row],[Status]]="Aktywny",tblKadry[[#This Row],[Data_zwolnienia]]<>""),"Aktywny z datą zwolnienia",""),IF(AND(tblKadry[[#This Row],[Status]]="Aktywny",tblKadry[[#This Row],[Typ_umowy]]="Na czas określony",tblKadry[[#This Row],[Staż_lat]]>2.75),"Umowa terminowa > 33 mies. (art. 25¹ KP)",""),IF(AND(tblKadry[[#This Row],[Status]]="Aktywny",tblKadry[[#This Row],[Typ_umowy]]="Na okres próbny",tblKadry[[#This Row],[Staż_lat]]>0.25),"Okres próbny > 3 mies. (art. 25 KP)",""))
A82: P1052 | B82: Katowice | C82: Kardiologia | D82: Pielęgniarka / pielęgniarz | E82: G3 | F82: K | G82: 41869 | H82: Na czas nieokreślony | I82: 1 | J82: 8860 | K82: 0 | L82: Zwolniony | M82: 46201 | N82: =tblKadry[[#This Row],[Wynagrodzenie_zasadnicze]]+tblKadry[[#This Row],[Dodatek_funkcyjny]] -> 8860 | O82: =IF(OR(tblKadry[[#This Row],[Wynagrodzenie_zasadnicze]]="",tblKadry[[#This Row],[Etat]]=0),"",tblKadry[[#This Row],[Wynagrodzenie_zasadnicze]]/tblKadry[[#This Row],[Etat]]) -> 8860 | P82: =IF(AND(tblKadry[[#This Row],[Status]]="Aktywny",tblKadry[[#This Row],[Data_zatrudnienia]]<=pDataRaportu),1,0) -> 0 | Q82: =IF(tblKadry[[#This Row],[Data_zatrudnienia]]>pDataRaportu,0,ROUND(YEARFRAC(tblKadry[[#This Row],[Data_zatrudnienia]],IF(tblKadry[[#This Row],[Data_zwolnienia]]="",pDataRaportu,tblKadry[[#This Row],[Data_zwolnienia]])),1)) -> 11.9 | R82: =tblKadry[[#This Row],[Brutto_mies]]*(1+pNarzut) -> 10807.428 | S82: =_xlfn.XLOOKUP(tblKadry[[#This Row],[Grupa]],tblWidelki[Grupa],tblWidelki[Środek],"") -> 8500 | T82: =IF(tblKadry[[#This Row],[Stawka_pełny_etat]]="","",tblKadry[[#This Row],[Stawka_pełny_etat]]/tblKadry[[#This Row],[Środek_widełek]]) -> 1.0423529 | U82: =IF(tblKadry[[#This Row],[Stawka_pełny_etat]]="","",IF(tblKadry[[#This Row],[Stawka_pełny_etat]]<_xlfn.XLOOKUP(tblKadry[[#This Row],[Grupa]],tblWidelki[Grupa],tblWidelki[Min]),"Poniżej",IF(tblKadry[[#This Row],[Stawka_pełny_etat]]>_xlfn.XLOOKUP(tblKadry[[#This Row],[Grupa]],tblWidelki[Grupa],tblWidelki[Max]),"Powyżej","W widełkach"))) -> W widełkach | V82: =_xlfn.TEXTJOIN("; ",TRUE,IF(COUNTIF(tblKadry[ID_Pracownika],tblKadry[[#This Row],[ID_Pracownika]])>1,"Duplikat ID",""),IF(tblKadry[[#This Row],[Dział]]="","Brak działu",""),IF(tblKadry[[#This Row],[Wynagrodzenie_zasadnicze]]="","Brak wynagrodzenia",""),IF(AND(tblKadry[[#This Row],[Wynagrodzenie_zasadnicze]]<>"",tblKadry[[#This Row],[Brutto_mies]]<pPlacaMin*tblKadry[[#This Row],[Etat]]),"Poniżej płacy minimalnej",""),IF(OR(tblKadry[[#This Row],[Etat]]<=0,tblKadry[[#This Row],[Etat]]>1),"Nieprawidłowy etat",""),IF(tblKadry[[#This Row],[Data_zatrudnienia]]>pDataRaportu,"Data zatrudnienia w przyszłości",""),IF(AND(tblKadry[[#This Row],[Status]]="Zwolniony",tblKadry[[#This Row],[Data_zwolnienia]]=""),"Brak daty zwolnienia",""),IF(AND(tblKadry[[#This Row],[Status]]="Aktywny",tblKadry[[#This Row],[Data_zwolnienia]]<>""),"Aktywny z datą zwolnienia",""),IF(AND(tblKadry[[#This Row],[Status]]="Aktywny",tblKadry[[#This Row],[Typ_umowy]]="Na czas określony",tblKadry[[#This Row],[Staż_lat]]>2.75),"Umowa terminowa > 33 mies. (art. 25¹ KP)",""),IF(AND(tblKadry[[#This Row],[Status]]="Aktywny",tblKadry[[#This Row],[Typ_umowy]]="Na okres próbny",tblKadry[[#This Row],[Staż_lat]]>0.25),"Okres próbny > 3 mies. (art. 25 KP)",""))
A83: P1116 | B83: Ustroń | C83: Laboratorium | D83: Diagnosta laboratoryjny | E83: G3 | F83: K | G83: 42665 | H83: Na czas nieokreślony | I83: 1 | J83: 8840 | K83: 0 | L83: Aktywny | N83: =tblKadry[[#This Row],[Wynagrodzenie_zasadnicze]]+tblKadry[[#This Row],[Dodatek_funkcyjny]] -> 8840 | O83: =IF(OR(tblKadry[[#This Row],[Wynagrodzenie_zasadnicze]]="",tblKadry[[#This Row],[Etat]]=0),"",tblKadry[[#This Row],[Wynagrodzenie_zasadnicze]]/tblKadry[[#This Row],[Etat]]) -> 8840 | P83: =IF(AND(tblKadry[[#This Row],[Status]]="Aktywny",tblKadry[[#This Row],[Data_zatrudnienia]]<=pDataRaportu),1,0) -> 1 | Q83: =IF(tblKadry[[#This Row],[Data_zatrudnienia]]>pDataRaportu,0,ROUND(YEARFRAC(tblKadry[[#This Row],[Data_zatrudnienia]],IF(tblKadry[[#This Row],[Data_zwolnienia]]="",pDataRaportu,tblKadry[[#This Row],[Data_zwolnienia]])),1)) -> 9.9 | R83: =tblKadry[[#This Row],[Brutto_mies]]*(1+pNarzut) -> 10783.032 | S83: =_xlfn.XLOOKUP(tblKadry[[#This Row],[Grupa]],tblWidelki[Grupa],tblWidelki[Środek],"") -> 8500 | T83: =IF(tblKadry[[#This Row],[Stawka_pełny_etat]]="","",tblKadry[[#This Row],[Stawka_pełny_etat]]/tblKadry[[#This Row],[Środek_widełek]]) -> 1.04 | U83: =IF(tblKadry[[#This Row],[Stawka_pełny_etat]]="","",IF(tblKadry[[#This Row],[Stawka_pełny_etat]]<_xlfn.XLOOKUP(tblKadry[[#This Row],[Grupa]],tblWidelki[Grupa],tblWidelki[Min]),"Poniżej",IF(tblKadry[[#This Row],[Stawka_pełny_etat]]>_xlfn.XLOOKUP(tblKadry[[#This Row],[Grupa]],tblWidelki[Grupa],tblWidelki[Max]),"Powyżej","W widełkach"))) -> W widełkach | V83: =_xlfn.TEXTJOIN("; ",TRUE,IF(COUNTIF(tblKadry[ID_Pracownika],tblKadry[[#This Row],[ID_Pracownika]])>1,"Duplikat ID",""),IF(tblKadry[[#This Row],[Dział]]="","Brak działu",""),IF(tblKadry[[#This Row],[Wynagrodzenie_zasadnicze]]="","Brak wynagrodzenia",""),IF(AND(tblKadry[[#This Row],[Wynagrodzenie_zasadnicze]]<>"",tblKadry[[#This Row],[Brutto_mies]]<pPlacaMin*tblKadry[[#This Row],[Etat]]),"Poniżej płacy minimalnej",""),IF(OR(tblKadry[[#This Row],[Etat]]<=0,tblKadry[[#This Row],[Etat]]>1),"Nieprawidłowy etat",""),IF(tblKadry[[#This Row],[Data_zatrudnienia]]>pDataRaportu,"Data zatrudnienia w przyszłości",""),IF(AND(tblKadry[[#This Row],[Status]]="Zwolniony",tblKadry[[#This Row],[Data_zwolnienia]]=""),"Brak daty zwolnienia",""),IF(AND(tblKadry[[#This Row],[Status]]="Aktywny",tblKadry[[#This Row],[Data_zwolnienia]]<>""),"Aktywny z datą zwolnienia",""),IF(AND(tblKadry[[#This Row],[Status]]="Aktywny",tblKadry[[#This Row],[Typ_umowy]]="Na czas określony",tblKadry[[#This Row],[Staż_lat]]>2.75),"Umowa terminowa > 33 mies. (art. 25¹ KP)",""),IF(AND(tblKadry[[#This Row],[Status]]="Aktywny",tblKadry[[#This Row],[Typ_umowy]]="Na okres próbny",tblKadry[[#This Row],[Staż_lat]]>0.25),"Okres próbny > 3 mies. (art. 25 KP)",""))
A84: P1039 | B84: Ustroń | C84: Administracja | D84: Specjalista ds. kadr i płac | E84: G3 | F84: K | G84: 40123 | H84: Na czas nieokreślony | I84: 1 | J84: 8840 | K84: 0 | L84: Aktywny | N84: =tblKadry[[#This Row],[Wynagrodzenie_zasadnicze]]+tblKadry[[#This Row],[Dodatek_funkcyjny]] -> 8840 | O84: =IF(OR(tblKadry[[#This Row],[Wynagrodzenie_zasadnicze]]="",tblKadry[[#This Row],[Etat]]=0),"",tblKadry[[#This Row],[Wynagrodzenie_zasadnicze]]/tblKadry[[#This Row],[Etat]]) -> 8840 | P84: =IF(AND(tblKadry[[#This Row],[Status]]="Aktywny",tblKadry[[#This Row],[Data_zatrudnienia]]<=pDataRaportu),1,0) -> 1 | Q84: =IF(tblKadry[[#This Row],[Data_zatrudnienia]]>pDataRaportu,0,ROUND(YEARFRAC(tblKadry[[#This Row],[Data_zatrudnienia]],IF(tblKadry[[#This Row],[Data_zwolnienia]]="",pDataRaportu,tblKadry[[#This Row],[Data_zwolnienia]])),1)) -> 16.9 | R84: =tblKadry[[#This Row],[Brutto_mies]]*(1+pNarzut) -> 10783.032 | S84: =_xlfn.XLOOKUP(tblKadry[[#This Row],[Grupa]],tblWidelki[Grupa],tblWidelki[Środek],"") -> 8500 | T84: =IF(tblKadry[[#This Row],[Stawka_pełny_etat]]="","",tblKadry[[#This Row],[Stawka_pełny_etat]]/tblKadry[[#This Row],[Środek_widełek]]) -> 1.04 | U84: =IF(tblKadry[[#This Row],[Stawka_pełny_etat]]="","",IF(tblKadry[[#This Row],[Stawka_pełny_etat]]<_xlfn.XLOOKUP(tblKadry[[#This Row],[Grupa]],tblWidelki[Grupa],tblWidelki[Min]),"Poniżej",IF(tblKadry[[#This Row],[Stawka_pełny_etat]]>_xlfn.XLOOKUP(tblKadry[[#This Row],[Grupa]],tblWidelki[Grupa],tblWidelki[Max]),"Powyżej","W widełkach"))) -> W widełkach | V84: =_xlfn.TEXTJOIN("; ",TRUE,IF(COUNTIF(tblKadry[ID_Pracownika],tblKadry[[#This Row],[ID_Pracownika]])>1,"Duplikat ID",""),IF(tblKadry[[#This Row],[Dział]]="","Brak działu",""),IF(tblKadry[[#This Row],[Wynagrodzenie_zasadnicze]]="","Brak wynagrodzenia",""),IF(AND(tblKadry[[#This Row],[Wynagrodzenie_zasadnicze]]<>"",tblKadry[[#This Row],[Brutto_mies]]<pPlacaMin*tblKadry[[#This Row],[Etat]]),"Poniżej płacy minimalnej",""),IF(OR(tblKadry[[#This Row],[Etat]]<=0,tblKadry[[#This Row],[Etat]]>1),"Nieprawidłowy etat",""),IF(tblKadry[[#This Row],[Data_zatrudnienia]]>pDataRaportu,"Data zatrudnienia w przyszłości",""),IF(AND(tblKadry[[#This Row],[Status]]="Zwolniony",tblKadry[[#This Row],[Data_zwolnienia]]=""),"Brak daty zwolnienia",""),IF(AND(tblKadry[[#This Row],[Status]]="Aktywny",tblKadry[[#This Row],[Data_zwolnienia]]<>""),"Aktywny z datą zwolnienia",""),IF(AND(tblKadry[[#This Row],[Status]]="Aktywny",tblKadry[[#This Row],[Typ_umowy]]="Na czas określony",tblKadry[[#This Row],[Staż_lat]]>2.75),"Umowa terminowa > 33 mies. (art. 25¹ KP)",""),IF(AND(tblKadry[[#This Row],[Status]]="Aktywny",tblKadry[[#This Row],[Typ_umowy]]="Na okres próbny",tblKadry[[#This Row],[Staż_lat]]>0.25),"Okres próbny > 3 mies. (art. 25 KP)",""))
A85: P1135 | B85: Bielsko-Biała | C85: Kardiochirurgia | D85: Pielęgniarka anestezjologiczna | E85: G3 | F85: K | G85: 41420 | H85: Na czas nieokreślony | I85: 1 | J85: 8710 | K85: 0 | L85: Aktywny | N85: =tblKadry[[#This Row],[Wynagrodzenie_zasadnicze]]+tblKadry[[#This Row],[Dodatek_funkcyjny]] -> 8710 | O85: =IF(OR(tblKadry[[#This Row],[Wynagrodzenie_zasadnicze]]="",tblKadry[[#This Row],[Etat]]=0),"",tblKadry[[#This Row],[Wynagrodzenie_zasadnicze]]/tblKadry[[#This Row],[Etat]]) -> 8710 | P85: =IF(AND(tblKadry[[#This Row],[Status]]="Aktywny",tblKadry[[#This Row],[Data_zatrudnienia]]<=pDataRaportu),1,0) -> 1 | Q85: =IF(tblKadry[[#This Row],[Data_zatrudnienia]]>pDataRaportu,0,ROUND(YEARFRAC(tblKadry[[#This Row],[Data_zatrudnienia]],IF(tblKadry[[#This Row],[Data_zwolnienia]]="",pDataRaportu,tblKadry[[#This Row],[Data_zwolnienia]])),1)) -> 13.3 | R85: =tblKadry[[#This Row],[Brutto_mies]]*(1+pNarzut) -> 10624.458 | S85: =_xlfn.XLOOKUP(tblKadry[[#This Row],[Grupa]],tblWidelki[Grupa],tblWidelki[Środek],"") -> 8500 | T85: =IF(tblKadry[[#This Row],[Stawka_pełny_etat]]="","",tblKadry[[#This Row],[Stawka_pełny_etat]]/tblKadry[[#This Row],[Środek_widełek]]) -> 1.0247059 | U85: =IF(tblKadry[[#This Row],[Stawka_pełny_etat]]="","",IF(tblKadry[[#This Row],[Stawka_pełny_etat]]<_xlfn.XLOOKUP(tblKadry[[#This Row],[Grupa]],tblWidelki[Grupa],tblWidelki[Min]),"Poniżej",IF(tblKadry[[#This Row],[Stawka_pełny_etat]]>_xlfn.XLOOKUP(tblKadry[[#This Row],[Grupa]],tblWidelki[Grupa],tblWidelki[Max]),"Powyżej","W widełkach"))) -> W widełkach | V85: =_xlfn.TEXTJOIN("; ",TRUE,IF(COUNTIF(tblKadry[ID_Pracownika],tblKadry[[#This Row],[ID_Pracownika]])>1,"Duplikat ID",""),IF(tblKadry[[#This Row],[Dział]]="","Brak działu",""),IF(tblKadry[[#This Row],[Wynagrodzenie_zasadnicze]]="","Brak wynagrodzenia",""),IF(AND(tblKadry[[#This Row],[Wynagrodzenie_zasadnicze]]<>"",tblKadry[[#This Row],[Brutto_mies]]<pPlacaMin*tblKadry[[#This Row],[Etat]]),"Poniżej płacy minimalnej",""),IF(OR(tblKadry[[#This Row],[Etat]]<=0,tblKadry[[#This Row],[Etat]]>1),"Nieprawidłowy etat",""),IF(tblKadry[[#This Row],[Data_zatrudnienia]]>pDataRaportu,"Data zatrudnienia w przyszłości",""),IF(AND(tblKadry[[#This Row],[Status]]="Zwolniony",tblKadry[[#This Row],[Data_zwolnienia]]=""),"Brak daty zwolnienia",""),IF(AND(tblKadry[[#This Row],[Status]]="Aktywny",tblKadry[[#This Row],[Data_zwolnienia]]<>""),"Aktywny z datą zwolnienia",""),IF(AND(tblKadry[[#This Row],[Status]]="Aktywny",tblKadry[[#This Row],[Typ_umowy]]="Na czas określony",tblKadry[[#This Row],[Staż_lat]]>2.75),"Umowa terminowa > 33 mies. (art. 25¹ KP)",""),IF(AND(tblKadry[[#This Row],[Status]]="Aktywny",tblKadry[[#This Row],[Typ_umowy]]="Na okres próbny",tblKadry[[#This Row],[Staż_lat]]>0.25),"Okres próbny > 3 mies. (art. 25 KP)",""))
A86: P1148 | B86: Kraków | C86: Laboratorium | D86: Diagnosta laboratoryjny | E86: G3 | F86: K | G86: 41257 | H86: Na czas nieokreślony | I86: 1 | J86: 8710 | K86: 0 | L86: Aktywny | N86: =tblKadry[[#This Row],[Wynagrodzenie_zasadnicze]]+tblKadry[[#This Row],[Dodatek_funkcyjny]] -> 8710 | O86: =IF(OR(tblKadry[[#This Row],[Wynagrodzenie_zasadnicze]]="",tblKadry[[#This Row],[Etat]]=0),"",tblKadry[[#This Row],[Wynagrodzenie_zasadnicze]]/tblKadry[[#This Row],[Etat]]) -> 8710 | P86: =IF(AND(tblKadry[[#This Row],[Status]]="Aktywny",tblKadry[[#This Row],[Data_zatrudnienia]]<=pDataRaportu),1,0) -> 1 | Q86: =IF(tblKadry[[#This Row],[Data_zatrudnienia]]>pDataRaportu,0,ROUND(YEARFRAC(tblKadry[[#This Row],[Data_zatrudnienia]],IF(tblKadry[[#This Row],[Data_zwolnienia]]="",pDataRaportu,tblKadry[[#This Row],[Data_zwolnienia]])),1)) -> 13.8 | R86: =tblKadry[[#This Row],[Brutto_mies]]*(1+pNarzut) -> 10624.458 | S86: =_xlfn.XLOOKUP(tblKadry[[#This Row],[Grupa]],tblWidelki[Grupa],tblWidelki[Środek],"") -> 8500 | T86: =IF(tblKadry[[#This Row],[Stawka_pełny_etat]]="","",tblKadry[[#This Row],[Stawka_pełny_etat]]/tblKadry[[#This Row],[Środek_widełek]]) -> 1.0247059 | U86: =IF(tblKadry[[#This Row],[Stawka_pełny_etat]]="","",IF(tblKadry[[#This Row],[Stawka_pełny_etat]]<_xlfn.XLOOKUP(tblKadry[[#This Row],[Grupa]],tblWidelki[Grupa],tblWidelki[Min]),"Poniżej",IF(tblKadry[[#This Row],[Stawka_pełny_etat]]>_xlfn.XLOOKUP(tblKadry[[#This Row],[Grupa]],tblWidelki[Grupa],tblWidelki[Max]),"Powyżej","W widełkach"))) -> W widełkach | V86: =_xlfn.TEXTJOIN("; ",TRUE,IF(COUNTIF(tblKadry[ID_Pracownika],tblKadry[[#This Row],[ID_Pracownika]])>1,"Duplikat ID",""),IF(tblKadry[[#This Row],[Dział]]="","Brak działu",""),IF(tblKadry[[#This Row],[Wynagrodzenie_zasadnicze]]="","Brak wynagrodzenia",""),IF(AND(tblKadry[[#This Row],[Wynagrodzenie_zasadnicze]]<>"",tblKadry[[#This Row],[Brutto_mies]]<pPlacaMin*tblKadry[[#This Row],[Etat]]),"Poniżej płacy minimalnej",""),IF(OR(tblKadry[[#This Row],[Etat]]<=0,tblKadry[[#This Row],[Etat]]>1),"Nieprawidłowy etat",""),IF(tblKadry[[#This Row],[Data_zatrudnienia]]>pDataRaportu,"Data zatrudnienia w przyszłości",""),IF(AND(tblKadry[[#This Row],[Status]]="Zwolniony",tblKadry[[#This Row],[Data_zwolnienia]]=""),"Brak daty zwolnienia",""),IF(AND(tblKadry[[#This Row],[Status]]="Aktywny",tblKadry[[#This Row],[Data_zwolnienia]]<>""),"Aktywny z datą zwolnienia",""),IF(AND(tblKadry[[#This Row],[Status]]="Aktywny",tblKadry[[#This Row],[Typ_umowy]]="Na czas określony",tblKadry[[#This Row],[Staż_lat]]>2.75),"Umowa terminowa > 33 mies. (art. 25¹ KP)",""),IF(AND(tblKadry[[#This Row],[Status]]="Aktywny",tblKadry[[#This Row],[Typ_umowy]]="Na okres próbny",tblKadry[[#This Row],[Staż_lat]]>0.25),"Okres próbny > 3 mies. (art. 25 KP)",""))
A87: P1141 | B87: Katowice | C87: Kardiochirurgia | D87: Pielęgniarka anestezjologiczna | E87: G3 | F87: K | G87: 42111 | H87: Na czas nieokreślony | I87: 1 | J87: 8690 | K87: 0 | L87: Aktywny | N87: =tblKadry[[#This Row],[Wynagrodzenie_zasadnicze]]+tblKadry[[#This Row],[Dodatek_funkcyjny]] -> 8690 | O87: =IF(OR(tblKadry[[#This Row],[Wynagrodzenie_zasadnicze]]="",tblKadry[[#This Row],[Etat]]=0),"",tblKadry[[#This Row],[Wynagrodzenie_zasadnicze]]/tblKadry[[#This Row],[Etat]]) -> 8690 | P87: =IF(AND(tblKadry[[#This Row],[Status]]="Aktywny",tblKadry[[#This Row],[Data_zatrudnienia]]<=pDataRaportu),1,0) -> 1 | Q87: =IF(tblKadry[[#This Row],[Data_zatrudnienia]]>pDataRaportu,0,ROUND(YEARFRAC(tblKadry[[#This Row],[Data_zatrudnienia]],IF(tblKadry[[#This Row],[Data_zwolnienia]]="",pDataRaportu,tblKadry[[#This Row],[Data_zwolnienia]])),1)) -> 11.5 | R87: =tblKadry[[#This Row],[Brutto_mies]]*(1+pNarzut) -> 10600.062 | S87: =_xlfn.XLOOKUP(tblKadry[[#This Row],[Grupa]],tblWidelki[Grupa],tblWidelki[Środek],"") -> 8500 | T87: =IF(tblKadry[[#This Row],[Stawka_pełny_etat]]="","",tblKadry[[#This Row],[Stawka_pełny_etat]]/tblKadry[[#This Row],[Środek_widełek]]) -> 1.0223529 | U87: =IF(tblKadry[[#This Row],[Stawka_pełny_etat]]="","",IF(tblKadry[[#This Row],[Stawka_pełny_etat]]<_xlfn.XLOOKUP(tblKadry[[#This Row],[Grupa]],tblWidelki[Grupa],tblWidelki[Min]),"Poniżej",IF(tblKadry[[#This Row],[Stawka_pełny_etat]]>_xlfn.XLOOKUP(tblKadry[[#This Row],[Grupa]],tblWidelki[Grupa],tblWidelki[Max]),"Powyżej","W widełkach"))) -> W widełkach | V87: =_xlfn.TEXTJOIN("; ",TRUE,IF(COUNTIF(tblKadry[ID_Pracownika],tblKadry[[#This Row],[ID_Pracownika]])>1,"Duplikat ID",""),IF(tblKadry[[#This Row],[Dział]]="","Brak działu",""),IF(tblKadry[[#This Row],[Wynagrodzenie_zasadnicze]]="","Brak wynagrodzenia",""),IF(AND(tblKadry[[#This Row],[Wynagrodzenie_zasadnicze]]<>"",tblKadry[[#This Row],[Brutto_mies]]<pPlacaMin*tblKadry[[#This Row],[Etat]]),"Poniżej płacy minimalnej",""),IF(OR(tblKadry[[#This Row],[Etat]]<=0,tblKadry[[#This Row],[Etat]]>1),"Nieprawidłowy etat",""),IF(tblKadry[[#This Row],[Data_zatrudnienia]]>pDataRaportu,"Data zatrudnienia w przyszłości",""),IF(AND(tblKadry[[#This Row],[Status]]="Zwolniony",tblKadry[[#This Row],[Data_zwolnienia]]=""),"Brak daty zwolnienia",""),IF(AND(tblKadry[[#This Row],[Status]]="Aktywny",tblKadry[[#This Row],[Data_zwolnienia]]<>""),"Aktywny z datą zwolnienia",""),IF(AND(tblKadry[[#This Row],[Status]]="Aktywny",tblKadry[[#This Row],[Typ_umowy]]="Na czas określony",tblKadry[[#This Row],[Staż_lat]]>2.75),"Umowa terminowa > 33 mies. (art. 25¹ KP)",""),IF(AND(tblKadry[[#This Row],[Status]]="Aktywny",tblKadry[[#This Row],[Typ_umowy]]="Na okres próbny",tblKadry[[#This Row],[Staż_lat]]>0.25),"Okres próbny > 3 mies. (art. 25 KP)",""))
A88: P1097 | B88: Katowice | C88: Kardiologia | D88: Pielęgniarka / pielęgniarz | E88: G3 | F88: K | G88: 41047 | H88: Na czas nieokreślony | I88: 1 | J88: 8680 | K88: 0 | L88: Aktywny | N88: =tblKadry[[#This Row],[Wynagrodzenie_zasadnicze]]+tblKadry[[#This Row],[Dodatek_funkcyjny]] -> 8680 | O88: =IF(OR(tblKadry[[#This Row],[Wynagrodzenie_zasadnicze]]="",tblKadry[[#This Row],[Etat]]=0),"",tblKadry[[#This Row],[Wynagrodzenie_zasadnicze]]/tblKadry[[#This Row],[Etat]]) -> 8680 | P88: =IF(AND(tblKadry[[#This Row],[Status]]="Aktywny",tblKadry[[#This Row],[Data_zatrudnienia]]<=pDataRaportu),1,0) -> 1 | Q88: =IF(tblKadry[[#This Row],[Data_zatrudnienia]]>pDataRaportu,0,ROUND(YEARFRAC(tblKadry[[#This Row],[Data_zatrudnienia]],IF(tblKadry[[#This Row],[Data_zwolnienia]]="",pDataRaportu,tblKadry[[#This Row],[Data_zwolnienia]])),1)) -> 14.4 | R88: =tblKadry[[#This Row],[Brutto_mies]]*(1+pNarzut) -> 10587.864 | S88: =_xlfn.XLOOKUP(tblKadry[[#This Row],[Grupa]],tblWidelki[Grupa],tblWidelki[Środek],"") -> 8500 | T88: =IF(tblKadry[[#This Row],[Stawka_pełny_etat]]="","",tblKadry[[#This Row],[Stawka_pełny_etat]]/tblKadry[[#This Row],[Środek_widełek]]) -> 1.0211765 | U88: =IF(tblKadry[[#This Row],[Stawka_pełny_etat]]="","",IF(tblKadry[[#This Row],[Stawka_pełny_etat]]<_xlfn.XLOOKUP(tblKadry[[#This Row],[Grupa]],tblWidelki[Grupa],tblWidelki[Min]),"Poniżej",IF(tblKadry[[#This Row],[Stawka_pełny_etat]]>_xlfn.XLOOKUP(tblKadry[[#This Row],[Grupa]],tblWidelki[Grupa],tblWidelki[Max]),"Powyżej","W widełkach"))) -> W widełkach | V88: =_xlfn.TEXTJOIN("; ",TRUE,IF(COUNTIF(tblKadry[ID_Pracownika],tblKadry[[#This Row],[ID_Pracownika]])>1,"Duplikat ID",""),IF(tblKadry[[#This Row],[Dział]]="","Brak działu",""),IF(tblKadry[[#This Row],[Wynagrodzenie_zasadnicze]]="","Brak wynagrodzenia",""),IF(AND(tblKadry[[#This Row],[Wynagrodzenie_zasadnicze]]<>"",tblKadry[[#This Row],[Brutto_mies]]<pPlacaMin*tblKadry[[#This Row],[Etat]]),"Poniżej płacy minimalnej",""),IF(OR(tblKadry[[#This Row],[Etat]]<=0,tblKadry[[#This Row],[Etat]]>1),"Nieprawidłowy etat",""),IF(tblKadry[[#This Row],[Data_zatrudnienia]]>pDataRaportu,"Data zatrudnienia w przyszłości",""),IF(AND(tblKadry[[#This Row],[Status]]="Zwolniony",tblKadry[[#This Row],[Data_zwolnienia]]=""),"Brak daty zwolnienia",""),IF(AND(tblKadry[[#This Row],[Status]]="Aktywny",tblKadry[[#This Row],[Data_zwolnienia]]<>""),"Aktywny z datą zwolnienia",""),IF(AND(tblKadry[[#This Row],[Status]]="Aktywny",tblKadry[[#This Row],[Typ_umowy]]="Na czas określony",tblKadry[[#This Row],[Staż_lat]]>2.75),"Umowa terminowa > 33 mies. (art. 25¹ KP)",""),IF(AND(tblKadry[[#This Row],[Status]]="Aktywny",tblKadry[[#This Row],[Typ_umowy]]="Na okres próbny",tblKadry[[#This Row],[Staż_lat]]>0.25),"Okres próbny > 3 mies. (art. 25 KP)",""))
A89: P1166 | B89: Katowice | C89: Kardiologia | D89: Pielęgniarka / pielęgniarz | E89: G3 | F89: M | G89: 44099 | H89: Na czas nieokreślony | I89: 1 | J89: 8660 | K89: 0 | L89: Aktywny | N89: =tblKadry[[#This Row],[Wynagrodzenie_zasadnicze]]+tblKadry[[#This Row],[Dodatek_funkcyjny]] -> 8660 | O89: =IF(OR(tblKadry[[#This Row],[Wynagrodzenie_zasadnicze]]="",tblKadry[[#This Row],[Etat]]=0),"",tblKadry[[#This Row],[Wynagrodzenie_zasadnicze]]/tblKadry[[#This Row],[Etat]]) -> 8660 | P89: =IF(AND(tblKadry[[#This Row],[Status]]="Aktywny",tblKadry[[#This Row],[Data_zatrudnienia]]<=pDataRaportu),1,0) -> 1 | Q89: =IF(tblKadry[[#This Row],[Data_zatrudnienia]]>pDataRaportu,0,ROUND(YEARFRAC(tblKadry[[#This Row],[Data_zatrudnienia]],IF(tblKadry[[#This Row],[Data_zwolnienia]]="",pDataRaportu,tblKadry[[#This Row],[Data_zwolnienia]])),1)) -> 6 | R89: =tblKadry[[#This Row],[Brutto_mies]]*(1+pNarzut) -> 10563.468 | S89: =_xlfn.XLOOKUP(tblKadry[[#This Row],[Grupa]],tblWidelki[Grupa],tblWidelki[Środek],"") -> 8500 | T89: =IF(tblKadry[[#This Row],[Stawka_pełny_etat]]="","",tblKadry[[#This Row],[Stawka_pełny_etat]]/tblKadry[[#This Row],[Środek_widełek]]) -> 1.0188235 | U89: =IF(tblKadry[[#This Row],[Stawka_pełny_etat]]="","",IF(tblKadry[[#This Row],[Stawka_pełny_etat]]<_xlfn.XLOOKUP(tblKadry[[#This Row],[Grupa]],tblWidelki[Grupa],tblWidelki[Min]),"Poniżej",IF(tblKadry[[#This Row],[Stawka_pełny_etat]]>_xlfn.XLOOKUP(tblKadry[[#This Row],[Grupa]],tblWidelki[Grupa],tblWidelki[Max]),"Powyżej","W widełkach"))) -> W widełkach | V89: =_xlfn.TEXTJOIN("; ",TRUE,IF(COUNTIF(tblKadry[ID_Pracownika],tblKadry[[#This Row],[ID_Pracownika]])>1,"Duplikat ID",""),IF(tblKadry[[#This Row],[Dział]]="","Brak działu",""),IF(tblKadry[[#This Row],[Wynagrodzenie_zasadnicze]]="","Brak wynagrodzenia",""),IF(AND(tblKadry[[#This Row],[Wynagrodzenie_zasadnicze]]<>"",tblKadry[[#This Row],[Brutto_mies]]<pPlacaMin*tblKadry[[#This Row],[Etat]]),"Poniżej płacy minimalnej",""),IF(OR(tblKadry[[#This Row],[Etat]]<=0,tblKadry[[#This Row],[Etat]]>1),"Nieprawidłowy etat",""),IF(tblKadry[[#This Row],[Data_zatrudnienia]]>pDataRaportu,"Data zatrudnienia w przyszłości",""),IF(AND(tblKadry[[#This Row],[Status]]="Zwolniony",tblKadry[[#This Row],[Data_zwolnienia]]=""),"Brak daty zwolnienia",""),IF(AND(tblKadry[[#This Row],[Status]]="Aktywny",tblKadry[[#This Row],[Data_zwolnienia]]<>""),"Aktywny z datą zwolnienia",""),IF(AND(tblKadry[[#This Row],[Status]]="Aktywny",tblKadry[[#This Row],[Typ_umowy]]="Na czas określony",tblKadry[[#This Row],[Staż_lat]]>2.75),"Umowa terminowa > 33 mies. (art. 25¹ KP)",""),IF(AND(tblKadry[[#This Row],[Status]]="Aktywny",tblKadry[[#This Row],[Typ_umowy]]="Na okres próbny",tblKadry[[#This Row],[Staż_lat]]>0.25),"Okres próbny > 3 mies. (art. 25 KP)",""))
A90: P1012 | B90: Bielsko-Biała | D90: Diagnosta laboratoryjny | E90: G3 | F90: K | G90: 42313 | H90: Na czas nieokreślony | I90: 1 | J90: 8640 | K90: 0 | L90: Aktywny | N90: =tblKadry[[#This Row],[Wynagrodzenie_zasadnicze]]+tblKadry[[#This Row],[Dodatek_funkcyjny]] -> 8640 | O90: =IF(OR(tblKadry[[#This Row],[Wynagrodzenie_zasadnicze]]="",tblKadry[[#This Row],[Etat]]=0),"",tblKadry[[#This Row],[Wynagrodzenie_zasadnicze]]/tblKadry[[#This Row],[Etat]]) -> 8640 | P90: =IF(AND(tblKadry[[#This Row],[Status]]="Aktywny",tblKadry[[#This Row],[Data_zatrudnienia]]<=pDataRaportu),1,0) -> 1 | Q90: =IF(tblKadry[[#This Row],[Data_zatrudnienia]]>pDataRaportu,0,ROUND(YEARFRAC(tblKadry[[#This Row],[Data_zatrudnienia]],IF(tblKadry[[#This Row],[Data_zwolnienia]]="",pDataRaportu,tblKadry[[#This Row],[Data_zwolnienia]])),1)) -> 10.9 | R90: =tblKadry[[#This Row],[Brutto_mies]]*(1+pNarzut) -> 10539.072 | S90: =_xlfn.XLOOKUP(tblKadry[[#This Row],[Grupa]],tblWidelki[Grupa],tblWidelki[Środek],"") -> 8500 | T90: =IF(tblKadry[[#This Row],[Stawka_pełny_etat]]="","",tblKadry[[#This Row],[Stawka_pełny_etat]]/tblKadry[[#This Row],[Środek_widełek]]) -> 1.0164706 | U90: =IF(tblKadry[[#This Row],[Stawka_pełny_etat]]="","",IF(tblKadry[[#This Row],[Stawka_pełny_etat]]<_xlfn.XLOOKUP(tblKadry[[#This Row],[Grupa]],tblWidelki[Grupa],tblWidelki[Min]),"Poniżej",IF(tblKadry[[#This Row],[Stawka_pełny_etat]]>_xlfn.XLOOKUP(tblKadry[[#This Row],[Grupa]],tblWidelki[Grupa],tblWidelki[Max]),"Powyżej","W widełkach"))) -> W widełkach | V90: =_xlfn.TEXTJOIN("; ",TRUE,IF(COUNTIF(tblKadry[ID_Pracownika],tblKadry[[#This Row],[ID_Pracownika]])>1,"Duplikat ID",""),IF(tblKadry[[#This Row],[Dział]]="","Brak działu",""),IF(tblKadry[[#This Row],[Wynagrodzenie_zasadnicze]]="","Brak wynagrodzenia",""),IF(AND(tblKadry[[#This Row],[Wynagrodzenie_zasadnicze]]<>"",tblKadry[[#This Row],[Brutto_mies]]<pPlacaMin*tblKadry[[#This Row],[Etat]]),"Poniżej płacy minimalnej",""),IF(OR(tblKadry[[#This Row],[Etat]]<=0,tblKadry[[#This Row],[Etat]]>1),"Nieprawidłowy etat",""),IF(tblKadry[[#This Row],[Data_zatrudnienia]]>pDataRaportu,"Data zatrudnienia w przyszłości",""),IF(AND(tblKadry[[#This Row],[Status]]="Zwolniony",tblKadry[[#This Row],[Data_zwolnienia]]=""),"Brak daty zwolnienia",""),IF(AND(tblKadry[[#This Row],[Status]]="Aktywny",tblKadry[[#This Row],[Data_zwolnienia]]<>""),"Aktywny z datą zwolnienia",""),IF(AND(tblKadry[[#This Row],[Status]]="Aktywny",tblKadry[[#This Row],[Typ_umowy]]="Na czas określony",tblKadry[[#This Row],[Staż_lat]]>2.75),"Umowa terminowa > 33 mies. (art. 25¹ KP)",""),IF(AND(tblKadry[[#This Row],[Status]]="Aktywny",tblKadry[[#This Row],[Typ_umowy]]="Na okres próbny",tblKadry[[#This Row],[Staż_lat]]>0.25),"Okres próbny > 3 mies. (art. 25 KP)","")) -> Brak działu
A91: P1131 | B91: Kraków | C91: Chirurgia naczyniowa | D91: Pielęgniarka / pielęgniarz | E91: G3 | F91: K | G91: 44427 | H91: Na czas nieokreślony | I91: 1 | J91: 8620 | K91: 0 | L91: Aktywny | N91: =tblKadry[[#This Row],[Wynagrodzenie_zasadnicze]]+tblKadry[[#This Row],[Dodatek_funkcyjny]] -> 8620 | O91: =IF(OR(tblKadry[[#This Row],[Wynagrodzenie_zasadnicze]]="",tblKadry[[#This Row],[Etat]]=0),"",tblKadry[[#This Row],[Wynagrodzenie_zasadnicze]]/tblKadry[[#This Row],[Etat]]) -> 8620 | P91: =IF(AND(tblKadry[[#This Row],[Status]]="Aktywny",tblKadry[[#This Row],[Data_zatrudnienia]]<=pDataRaportu),1,0) -> 1 | Q91: =IF(tblKadry[[#This Row],[Data_zatrudnienia]]>pDataRaportu,0,ROUND(YEARFRAC(tblKadry[[#This Row],[Data_zatrudnienia]],IF(tblKadry[[#This Row],[Data_zwolnienia]]="",pDataRaportu,tblKadry[[#This Row],[Data_zwolnienia]])),1)) -> 5.1 | R91: =tblKadry[[#This Row],[Brutto_mies]]*(1+pNarzut) -> 10514.676 | S91: =_xlfn.XLOOKUP(tblKadry[[#This Row],[Grupa]],tblWidelki[Grupa],tblWidelki[Środek],"") -> 8500 | T91: =IF(tblKadry[[#This Row],[Stawka_pełny_etat]]="","",tblKadry[[#This Row],[Stawka_pełny_etat]]/tblKadry[[#This Row],[Środek_widełek]]) -> 1.0141176 | U91: =IF(tblKadry[[#This Row],[Stawka_pełny_etat]]="","",IF(tblKadry[[#This Row],[Stawka_pełny_etat]]<_xlfn.XLOOKUP(tblKadry[[#This Row],[Grupa]],tblWidelki[Grupa],tblWidelki[Min]),"Poniżej",IF(tblKadry[[#This Row],[Stawka_pełny_etat]]>_xlfn.XLOOKUP(tblKadry[[#This Row],[Grupa]],tblWidelki[Grupa],tblWidelki[Max]),"Powyżej","W widełkach"))) -> W widełkach | V91: =_xlfn.TEXTJOIN("; ",TRUE,IF(COUNTIF(tblKadry[ID_Pracownika],tblKadry[[#This Row],[ID_Pracownika]])>1,"Duplikat ID",""),IF(tblKadry[[#This Row],[Dział]]="","Brak działu",""),IF(tblKadry[[#This Row],[Wynagrodzenie_zasadnicze]]="","Brak wynagrodzenia",""),IF(AND(tblKadry[[#This Row],[Wynagrodzenie_zasadnicze]]<>"",tblKadry[[#This Row],[Brutto_mies]]<pPlacaMin*tblKadry[[#This Row],[Etat]]),"Poniżej płacy minimalnej",""),IF(OR(tblKadry[[#This Row],[Etat]]<=0,tblKadry[[#This Row],[Etat]]>1),"Nieprawidłowy etat",""),IF(tblKadry[[#This Row],[Data_zatrudnienia]]>pDataRaportu,"Data zatrudnienia w przyszłości",""),IF(AND(tblKadry[[#This Row],[Status]]="Zwolniony",tblKadry[[#This Row],[Data_zwolnienia]]=""),"Brak daty zwolnienia",""),IF(AND(tblKadry[[#This Row],[Status]]="Aktywny",tblKadry[[#This Row],[Data_zwolnienia]]<>""),"Aktywny z datą zwolnienia",""),IF(AND(tblKadry[[#This Row],[Status]]="Aktywny",tblKadry[[#This Row],[Typ_umowy]]="Na czas określony",tblKadry[[#This Row],[Staż_lat]]>2.75),"Umowa terminowa > 33 mies. (art. 25¹ KP)",""),IF(AND(tblKadry[[#This Row],[Status]]="Aktywny",tblKadry[[#This Row],[Typ_umowy]]="Na okres próbny",tblKadry[[#This Row],[Staż_lat]]>0.25),"Okres próbny > 3 mies. (art. 25 KP)",""))
A92: P1113 | B92: Kraków | C92: Chirurgia naczyniowa | D92: Pielęgniarka / pielęgniarz | E92: G3 | F92: K | G92: 44159 | H92: Na czas nieokreślony | I92: 1 | J92: 8590 | K92: 0 | L92: Aktywny | N92: =tblKadry[[#This Row],[Wynagrodzenie_zasadnicze]]+tblKadry[[#This Row],[Dodatek_funkcyjny]] -> 8590 | O92: =IF(OR(tblKadry[[#This Row],[Wynagrodzenie_zasadnicze]]="",tblKadry[[#This Row],[Etat]]=0),"",tblKadry[[#This Row],[Wynagrodzenie_zasadnicze]]/tblKadry[[#This Row],[Etat]]) -> 8590 | P92: =IF(AND(tblKadry[[#This Row],[Status]]="Aktywny",tblKadry[[#This Row],[Data_zatrudnienia]]<=pDataRaportu),1,0) -> 1 | Q92: =IF(tblKadry[[#This Row],[Data_zatrudnienia]]>pDataRaportu,0,ROUND(YEARFRAC(tblKadry[[#This Row],[Data_zatrudnienia]],IF(tblKadry[[#This Row],[Data_zwolnienia]]="",pDataRaportu,tblKadry[[#This Row],[Data_zwolnienia]])),1)) -> 5.9 | R92: =tblKadry[[#This Row],[Brutto_mies]]*(1+pNarzut) -> 10478.082 | S92: =_xlfn.XLOOKUP(tblKadry[[#This Row],[Grupa]],tblWidelki[Grupa],tblWidelki[Środek],"") -> 8500 | T92: =IF(tblKadry[[#This Row],[Stawka_pełny_etat]]="","",tblKadry[[#This Row],[Stawka_pełny_etat]]/tblKadry[[#This Row],[Środek_widełek]]) -> 1.0105882 | U92: =IF(tblKadry[[#This Row],[Stawka_pełny_etat]]="","",IF(tblKadry[[#This Row],[Stawka_pełny_etat]]<_xlfn.XLOOKUP(tblKadry[[#This Row],[Grupa]],tblWidelki[Grupa],tblWidelki[Min]),"Poniżej",IF(tblKadry[[#This Row],[Stawka_pełny_etat]]>_xlfn.XLOOKUP(tblKadry[[#This Row],[Grupa]],tblWidelki[Grupa],tblWidelki[Max]),"Powyżej","W widełkach"))) -> W widełkach | V92: =_xlfn.TEXTJOIN("; ",TRUE,IF(COUNTIF(tblKadry[ID_Pracownika],tblKadry[[#This Row],[ID_Pracownika]])>1,"Duplikat ID",""),IF(tblKadry[[#This Row],[Dział]]="","Brak działu",""),IF(tblKadry[[#This Row],[Wynagrodzenie_zasadnicze]]="","Brak wynagrodzenia",""),IF(AND(tblKadry[[#This Row],[Wynagrodzenie_zasadnicze]]<>"",tblKadry[[#This Row],[Brutto_mies]]<pPlacaMin*tblKadry[[#This Row],[Etat]]),"Poniżej płacy minimalnej",""),IF(OR(tblKadry[[#This Row],[Etat]]<=0,tblKadry[[#This Row],[Etat]]>1),"Nieprawidłowy etat",""),IF(tblKadry[[#This Row],[Data_zatrudnienia]]>pDataRaportu,"Data zatrudnienia w przyszłości",""),IF(AND(tblKadry[[#This Row],[Status]]="Zwolniony",tblKadry[[#This Row],[Data_zwolnienia]]=""),"Brak daty zwolnienia",""),IF(AND(tblKadry[[#This Row],[Status]]="Aktywny",tblKadry[[#This Row],[Data_zwolnienia]]<>""),"Aktywny z datą zwolnienia",""),IF(AND(tblKadry[[#This Row],[Status]]="Aktywny",tblKadry[[#This Row],[Typ_umowy]]="Na czas określony",tblKadry[[#This Row],[Staż_lat]]>2.75),"Umowa terminowa > 33 mies. (art. 25¹ KP)",""),IF(AND(tblKadry[[#This Row],[Status]]="Aktywny",tblKadry[[#This Row],[Typ_umowy]]="Na okres próbny",tblKadry[[#This Row],[Staż_lat]]>0.25),"Okres próbny > 3 mies. (art. 25 KP)",""))
A93: P1086 | B93: Katowice | C93: Kardiochirurgia | D93: Perfuzjonista | E93: G4 | F93: M | G93: 39732 | H93: Na czas określony | I93: 1 | J93: 8510 | K93: 0 | L93: Zwolniony | M93: 46019 | N93: =tblKadry[[#This Row],[Wynagrodzenie_zasadnicze]]+tblKadry[[#This Row],[Dodatek_funkcyjny]] -> 8510 | O93: =IF(OR(tblKadry[[#This Row],[Wynagrodzenie_zasadnicze]]="",tblKadry[[#This Row],[Etat]]=0),"",tblKadry[[#This Row],[Wynagrodzenie_zasadnicze]]/tblKadry[[#This Row],[Etat]]) -> 8510 | P93: =IF(AND(tblKadry[[#This Row],[Status]]="Aktywny",tblKadry[[#This Row],[Data_zatrudnienia]]<=pDataRaportu),1,0) -> 0 | Q93: =IF(tblKadry[[#This Row],[Data_zatrudnienia]]>pDataRaportu,0,ROUND(YEARFRAC(tblKadry[[#This Row],[Data_zatrudnienia]],IF(tblKadry[[#This Row],[Data_zwolnienia]]="",pDataRaportu,tblKadry[[#This Row],[Data_zwolnienia]])),1)) -> 17.2 | R93: =tblKadry[[#This Row],[Brutto_mies]]*(1+pNarzut) -> 10380.498 | S93: =_xlfn.XLOOKUP(tblKadry[[#This Row],[Grupa]],tblWidelki[Grupa],tblWidelki[Środek],"") -> 11000 | T93: =IF(tblKadry[[#This Row],[Stawka_pełny_etat]]="","",tblKadry[[#This Row],[Stawka_pełny_etat]]/tblKadry[[#This Row],[Środek_widełek]]) -> 0.77363636 | U93: =IF(tblKadry[[#This Row],[Stawka_pełny_etat]]="","",IF(tblKadry[[#This Row],[Stawka_pełny_etat]]<_xlfn.XLOOKUP(tblKadry[[#This Row],[Grupa]],tblWidelki[Grupa],tblWidelki[Min]),"Poniżej",IF(tblKadry[[#This Row],[Stawka_pełny_etat]]>_xlfn.XLOOKUP(tblKadry[[#This Row],[Grupa]],tblWidelki[Grupa],tblWidelki[Max]),"Powyżej","W widełkach"))) -> Poniżej | V93: =_xlfn.TEXTJOIN("; ",TRUE,IF(COUNTIF(tblKadry[ID_Pracownika],tblKadry[[#This Row],[ID_Pracownika]])>1,"Duplikat ID",""),IF(tblKadry[[#This Row],[Dział]]="","Brak działu",""),IF(tblKadry[[#This Row],[Wynagrodzenie_zasadnicze]]="","Brak wynagrodzenia",""),IF(AND(tblKadry[[#This Row],[Wynagrodzenie_zasadnicze]]<>"",tblKadry[[#This Row],[Brutto_mies]]<pPlacaMin*tblKadry[[#This Row],[Etat]]),"Poniżej płacy minimalnej",""),IF(OR(tblKadry[[#This Row],[Etat]]<=0,tblKadry[[#This Row],[Etat]]>1),"Nieprawidłowy etat",""),IF(tblKadry[[#This Row],[Data_zatrudnienia]]>pDataRaportu,"Data zatrudnienia w przyszłości",""),IF(AND(tblKadry[[#This Row],[Status]]="Zwolniony",tblKadry[[#This Row],[Data_zwolnienia]]=""),"Brak daty zwolnienia",""),IF(AND(tblKadry[[#This Row],[Status]]="Aktywny",tblKadry[[#This Row],[Data_zwolnienia]]<>""),"Aktywny z datą zwolnienia",""),IF(AND(tblKadry[[#This Row],[Status]]="Aktywny",tblKadry[[#This Row],[Typ_umowy]]="Na czas określony",tblKadry[[#This Row],[Staż_lat]]>2.75),"Umowa terminowa > 33 mies. (art. 25¹ KP)",""),IF(AND(tblKadry[[#This Row],[Status]]="Aktywny",tblKadry[[#This Row],[Typ_umowy]]="Na okres próbny",tblKadry[[#This Row],[Staż_lat]]>0.25),"Okres próbny > 3 mies. (art. 25 KP)",""))
A94: P1105 | B94: Kraków | C94: Chirurgia naczyniowa | D94: Pielęgniarka / pielęgniarz | E94: G3 | F94: K | G94: 43547 | H94: Na czas nieokreślony | I94: 0.5 | J94: 4240 | K94: 0 | L94: Aktywny | N94: =tblKadry[[#This Row],[Wynagrodzenie_zasadnicze]]+tblKadry[[#This Row],[Dodatek_funkcyjny]] -> 4240 | O94: =IF(OR(tblKadry[[#This Row],[Wynagrodzenie_zasadnicze]]="",tblKadry[[#This Row],[Etat]]=0),"",tblKadry[[#This Row],[Wynagrodzenie_zasadnicze]]/tblKadry[[#This Row],[Etat]]) -> 8480 | P94: =IF(AND(tblKadry[[#This Row],[Status]]="Aktywny",tblKadry[[#This Row],[Data_zatrudnienia]]<=pDataRaportu),1,0) -> 1 | Q94: =IF(tblKadry[[#This Row],[Data_zatrudnienia]]>pDataRaportu,0,ROUND(YEARFRAC(tblKadry[[#This Row],[Data_zatrudnienia]],IF(tblKadry[[#This Row],[Data_zwolnienia]]="",pDataRaportu,tblKadry[[#This Row],[Data_zwolnienia]])),1)) -> 7.5 | R94: =tblKadry[[#This Row],[Brutto_mies]]*(1+pNarzut) -> 5171.952 | S94: =_xlfn.XLOOKUP(tblKadry[[#This Row],[Grupa]],tblWidelki[Grupa],tblWidelki[Środek],"") -> 8500 | T94: =IF(tblKadry[[#This Row],[Stawka_pełny_etat]]="","",tblKadry[[#This Row],[Stawka_pełny_etat]]/tblKadry[[#This Row],[Środek_widełek]]) -> 0.99764706 | U94: =IF(tblKadry[[#This Row],[Stawka_pełny_etat]]="","",IF(tblKadry[[#This Row],[Stawka_pełny_etat]]<_xlfn.XLOOKUP(tblKadry[[#This Row],[Grupa]],tblWidelki[Grupa],tblWidelki[Min]),"Poniżej",IF(tblKadry[[#This Row],[Stawka_pełny_etat]]>_xlfn.XLOOKUP(tblKadry[[#This Row],[Grupa]],tblWidelki[Grupa],tblWidelki[Max]),"Powyżej","W widełkach"))) -> W widełkach | V94: =_xlfn.TEXTJOIN("; ",TRUE,IF(COUNTIF(tblKadry[ID_Pracownika],tblKadry[[#This Row],[ID_Pracownika]])>1,"Duplikat ID",""),IF(tblKadry[[#This Row],[Dział]]="","Brak działu",""),IF(tblKadry[[#This Row],[Wynagrodzenie_zasadnicze]]="","Brak wynagrodzenia",""),IF(AND(tblKadry[[#This Row],[Wynagrodzenie_zasadnicze]]<>"",tblKadry[[#This Row],[Brutto_mies]]<pPlacaMin*tblKadry[[#This Row],[Etat]]),"Poniżej płacy minimalnej",""),IF(OR(tblKadry[[#This Row],[Etat]]<=0,tblKadry[[#This Row],[Etat]]>1),"Nieprawidłowy etat",""),IF(tblKadry[[#This Row],[Data_zatrudnienia]]>pDataRaportu,"Data zatrudnienia w przyszłości",""),IF(AND(tblKadry[[#This Row],[Status]]="Zwolniony",tblKadry[[#This Row],[Data_zwolnienia]]=""),"Brak daty zwolnienia",""),IF(AND(tblKadry[[#This Row],[Status]]="Aktywny",tblKadry[[#This Row],[Data_zwolnienia]]<>""),"Aktywny z datą zwolnienia",""),IF(AND(tblKadry[[#This Row],[Status]]="Aktywny",tblKadry[[#This Row],[Typ_umowy]]="Na czas określony",tblKadry[[#This Row],[Staż_lat]]>2.75),"Umowa terminowa > 33 mies. (art. 25¹ KP)",""),IF(AND(tblKadry[[#This Row],[Status]]="Aktywny",tblKadry[[#This Row],[Typ_umowy]]="Na okres próbny",tblKadry[[#This Row],[Staż_lat]]>0.25),"Okres próbny > 3 mies. (art. 25 KP)",""))
A95: P1082 | B95: Bielsko-Biała | C95: Kardiologia | D95: Koordynator pielęgniarek | E95: G4 | F95: K | G95: 46327 | H95: Na czas nieokreślony | I95: 1 | J95: 8470 | K95: 2500 | L95: Aktywny | N95: =tblKadry[[#This Row],[Wynagrodzenie_zasadnicze]]+tblKadry[[#This Row],[Dodatek_funkcyjny]] -> 10970 | O95: =IF(OR(tblKadry[[#This Row],[Wynagrodzenie_zasadnicze]]="",tblKadry[[#This Row],[Etat]]=0),"",tblKadry[[#This Row],[Wynagrodzenie_zasadnicze]]/tblKadry[[#This Row],[Etat]]) -> 8470 | P95: =IF(AND(tblKadry[[#This Row],[Status]]="Aktywny",tblKadry[[#This Row],[Data_zatrudnienia]]<=pDataRaportu),1,0) -> 0 | Q95: =IF(tblKadry[[#This Row],[Data_zatrudnienia]]>pDataRaportu,0,ROUND(YEARFRAC(tblKadry[[#This Row],[Data_zatrudnienia]],IF(tblKadry[[#This Row],[Data_zwolnienia]]="",pDataRaportu,tblKadry[[#This Row],[Data_zwolnienia]])),1)) -> 0 | R95: =tblKadry[[#This Row],[Brutto_mies]]*(1+pNarzut) -> 13381.206 | S95: =_xlfn.XLOOKUP(tblKadry[[#This Row],[Grupa]],tblWidelki[Grupa],tblWidelki[Środek],"") -> 11000 | T95: =IF(tblKadry[[#This Row],[Stawka_pełny_etat]]="","",tblKadry[[#This Row],[Stawka_pełny_etat]]/tblKadry[[#This Row],[Środek_widełek]]) -> 0.77 | U95: =IF(tblKadry[[#This Row],[Stawka_pełny_etat]]="","",IF(tblKadry[[#This Row],[Stawka_pełny_etat]]<_xlfn.XLOOKUP(tblKadry[[#This Row],[Grupa]],tblWidelki[Grupa],tblWidelki[Min]),"Poniżej",IF(tblKadry[[#This Row],[Stawka_pełny_etat]]>_xlfn.XLOOKUP(tblKadry[[#This Row],[Grupa]],tblWidelki[Grupa],tblWidelki[Max]),"Powyżej","W widełkach"))) -> Poniżej | V95: =_xlfn.TEXTJOIN("; ",TRUE,IF(COUNTIF(tblKadry[ID_Pracownika],tblKadry[[#This Row],[ID_Pracownika]])>1,"Duplikat ID",""),IF(tblKadry[[#This Row],[Dział]]="","Brak działu",""),IF(tblKadry[[#This Row],[Wynagrodzenie_zasadnicze]]="","Brak wynagrodzenia",""),IF(AND(tblKadry[[#This Row],[Wynagrodzenie_zasadnicze]]<>"",tblKadry[[#This Row],[Brutto_mies]]<pPlacaMin*tblKadry[[#This Row],[Etat]]),"Poniżej płacy minimalnej",""),IF(OR(tblKadry[[#This Row],[Etat]]<=0,tblKadry[[#This Row],[Etat]]>1),"Nieprawidłowy etat",""),IF(tblKadry[[#This Row],[Data_zatrudnienia]]>pDataRaportu,"Data zatrudnienia w przyszłości",""),IF(AND(tblKadry[[#This Row],[Status]]="Zwolniony",tblKadry[[#This Row],[Data_zwolnienia]]=""),"Brak daty zwolnienia",""),IF(AND(tblKadry[[#This Row],[Status]]="Aktywny",tblKadry[[#This Row],[Data_zwolnienia]]<>""),"Aktywny z datą zwolnienia",""),IF(AND(tblKadry[[#This Row],[Status]]="Aktywny",tblKadry[[#This Row],[Typ_umowy]]="Na czas określony",tblKadry[[#This Row],[Staż_lat]]>2.75),"Umowa terminowa > 33 mies. (art. 25¹ KP)",""),IF(AND(tblKadry[[#This Row],[Status]]="Aktywny",tblKadry[[#This Row],[Typ_umowy]]="Na okres próbny",tblKadry[[#This Row],[Staż_lat]]>0.25),"Okres próbny > 3 mies. (art. 25 KP)","")) -> Data zatrudnienia w przyszłości
A96: P1035 | B96: Bielsko-Biała | C96: Kardiochirurgia | D96: Pielęgniarka anestezjologiczna | E96: G3 | F96: K | G96: 42373 | H96: Na czas nieokreślony | I96: 1 | J96: 8470 | K96: 0 | L96: Aktywny | N96: =tblKadry[[#This Row],[Wynagrodzenie_zasadnicze]]+tblKadry[[#This Row],[Dodatek_funkcyjny]] -> 8470 | O96: =IF(OR(tblKadry[[#This Row],[Wynagrodzenie_zasadnicze]]="",tblKadry[[#This Row],[Etat]]=0),"",tblKadry[[#This Row],[Wynagrodzenie_zasadnicze]]/tblKadry[[#This Row],[Etat]]) -> 8470 | P96: =IF(AND(tblKadry[[#This Row],[Status]]="Aktywny",tblKadry[[#This Row],[Data_zatrudnienia]]<=pDataRaportu),1,0) -> 1 | Q96: =IF(tblKadry[[#This Row],[Data_zatrudnienia]]>pDataRaportu,0,ROUND(YEARFRAC(tblKadry[[#This Row],[Data_zatrudnienia]],IF(tblKadry[[#This Row],[Data_zwolnienia]]="",pDataRaportu,tblKadry[[#This Row],[Data_zwolnienia]])),1)) -> 10.7 | R96: =tblKadry[[#This Row],[Brutto_mies]]*(1+pNarzut) -> 10331.706 | S96: =_xlfn.XLOOKUP(tblKadry[[#This Row],[Grupa]],tblWidelki[Grupa],tblWidelki[Środek],"") -> 8500 | T96: =IF(tblKadry[[#This Row],[Stawka_pełny_etat]]="","",tblKadry[[#This Row],[Stawka_pełny_etat]]/tblKadry[[#This Row],[Środek_widełek]]) -> 0.99647059 | U96: =IF(tblKadry[[#This Row],[Stawka_pełny_etat]]="","",IF(tblKadry[[#This Row],[Stawka_pełny_etat]]<_xlfn.XLOOKUP(tblKadry[[#This Row],[Grupa]],tblWidelki[Grupa],tblWidelki[Min]),"Poniżej",IF(tblKadry[[#This Row],[Stawka_pełny_etat]]>_xlfn.XLOOKUP(tblKadry[[#This Row],[Grupa]],tblWidelki[Grupa],tblWidelki[Max]),"Powyżej","W widełkach"))) -> W widełkach | V96: =_xlfn.TEXTJOIN("; ",TRUE,IF(COUNTIF(tblKadry[ID_Pracownika],tblKadry[[#This Row],[ID_Pracownika]])>1,"Duplikat ID",""),IF(tblKadry[[#This Row],[Dział]]="","Brak działu",""),IF(tblKadry[[#This Row],[Wynagrodzenie_zasadnicze]]="","Brak wynagrodzenia",""),IF(AND(tblKadry[[#This Row],[Wynagrodzenie_zasadnicze]]<>"",tblKadry[[#This Row],[Brutto_mies]]<pPlacaMin*tblKadry[[#This Row],[Etat]]),"Poniżej płacy minimalnej",""),IF(OR(tblKadry[[#This Row],[Etat]]<=0,tblKadry[[#This Row],[Etat]]>1),"Nieprawidłowy etat",""),IF(tblKadry[[#This Row],[Data_zatrudnienia]]>pDataRaportu,"Data zatrudnienia w przyszłości",""),IF(AND(tblKadry[[#This Row],[Status]]="Zwolniony",tblKadry[[#This Row],[Data_zwolnienia]]=""),"Brak daty zwolnienia",""),IF(AND(tblKadry[[#This Row],[Status]]="Aktywny",tblKadry[[#This Row],[Data_zwolnienia]]<>""),"Aktywny z datą zwolnienia",""),IF(AND(tblKadry[[#This Row],[Status]]="Aktywny",tblKadry[[#This Row],[Typ_umowy]]="Na czas określony",tblKadry[[#This Row],[Staż_lat]]>2.75),"Umowa terminowa > 33 mies. (art. 25¹ KP)",""),IF(AND(tblKadry[[#This Row],[Status]]="Aktywny",tblKadry[[#This Row],[Typ_umowy]]="Na okres próbny",tblKadry[[#This Row],[Staż_lat]]>0.25),"Okres próbny > 3 mies. (art. 25 KP)",""))
